id,pn,title,description,list_price,multiplier,creation_date,edit_date,brand_id,creator_id,editor_id,note
1,010100-21100007,PALANCA PARA VÁLVULA MARIPOSA,,14,"0,46",2021-01-21 20:03:29.738920,2021-01-21 20:03:29.739024,1,1,1,
2,010200-21100007,PALANCA PARA VÁLVULA MARIPOSA,,15,"0,46",2021-01-21 20:03:29.738920,2021-01-21 20:03:29.739024,1,1,1,
3,010250-21141007,PALANCA PARA VÁLVULA MARIPOSA,,20,"0,46",2021-01-21 20:03:29.738920,2021-01-21 20:03:29.739024,1,1,1,
4,010400-21100007,PALANCA PARA VÁLVULA MARIPOSA,,15,"0,46",2021-01-21 20:03:29.738920,2021-01-21 20:03:29.739024,1,1,1,
5,010500-21100007,PALANCA PARA VÁLVULA MARIPOSA,,15,"0,46",2021-01-21 20:03:29.738920,2021-01-21 20:03:29.739024,1,1,1,
6,010600-21141007,PALANCA PARA VÁLVULA MARIPOSA,,25,"0,46",2021-01-21 20:03:29.738920,2021-01-21 20:03:29.739024,1,1,1,
7,010800-21100007,PALANCA PARA VÁLVULA MARIPOSA,,23,"0,46",2021-01-21 20:03:29.738920,2021-01-21 20:03:29.739024,1,1,1,
8,010800-21141007,PALANCA PARA VÁLVULA MARIPOSA,,27,"0,46",2021-01-21 20:03:29.738920,2021-01-21 20:03:29.739024,1,1,1,
9,011000-21100007,PALANCA PARA VÁLVULA MARIPOSA,,23,"0,46",2021-01-21 20:03:29.738920,2021-01-21 20:03:29.739024,1,1,1,
10,040200-21202002,CAJA DE ENGRANAJES SERIE 04,2000,103,"0,46",2021-01-21 20:03:29.738920,2021-01-21 20:03:29.739024,1,1,1,
11,040300-21202002,CAJA DE ENGRANAJES SERIE 04,8000,140,"0,46",2021-01-21 20:03:29.738920,2021-01-21 20:03:29.739024,1,1,1,
12,040500-21202002,CAJA DE ENGRANAJES SERIE 04,13000,208,"0,46",2021-01-21 20:03:29.738920,2021-01-21 20:03:29.739024,1,1,1,
13,040800-21202002,CAJA DE ENGRANAJES SERIE 04,24000,346,"0,46",2021-01-21 20:03:29.738920,2021-01-21 20:03:29.739024,1,1,1,
14,040800-21203002,CAJA DE ENGRANAJES SERIE 04,24000,356,"0,46",2021-01-21 20:03:29.738920,2021-01-21 20:03:29.739024,1,1,1,
15,041500-21210002,CAJA DE ENGRANAJES SERIE 04,,1715,"0,46",2021-01-21 20:03:29.738920,2021-01-21 20:03:29.739024,1,1,1,
16,050200-21202536,CAJA DE ENGRANAJES SERIE 05,2000,287,"0,46",2021-01-21 20:03:29.738920,2021-01-21 20:03:29.739024,1,1,1,
17,050300-21202536,CAJA DE ENGRANAJES SERIE 05,3000,249,"0,46",2021-01-21 20:03:29.738920,2021-01-21 20:03:29.739024,1,1,1,
18,050500-21202536,CAJA DE ENGRANAJES SERIE 05,13000,550,"0,46",2021-01-21 20:03:29.738920,2021-01-21 20:03:29.739024,1,1,1,
19,050800-21202536,CAJA DE ENGRANAJES SERIE 05,24000,692,"0,46",2021-01-21 20:03:29.738920,2021-01-21 20:03:29.739024,1,1,1,
20,0520A1-22600536,MOUNTING KIT,"S05 20:1 MTG KIT,2-3""/S90 63",272,"0,46",2021-01-21 20:03:29.738920,2021-01-21 20:03:29.739024,1,1,1,
21,0520C0-22600536,MOUNTING KIT,"S05 20:1 MTG KIT,6""/S90 83-93",272,"0,46",2021-01-21 20:03:29.738920,2021-01-21 20:03:29.739024,1,1,1,
22,0521B1-22600536,MOUNTING KIT,"S05 20:1 MTG KIT,4""/S92 119-128",320,"0,46",2021-01-21 20:03:29.738920,2021-01-21 20:03:29.739024,1,1,1,
23,0521C0-22600536,MOUNTING KIT,"S05 20:1 MTG KIT,6""/S92 119-128",288,"0,46",2021-01-21 20:03:29.738920,2021-01-21 20:03:29.739024,1,1,1,
24,0530B2-22600536,MOUNTING KIT,"S05 30:1 MTG KIT,4""/S92 119-128",288,"0,46",2021-01-21 20:03:29.738920,2021-01-21 20:03:29.739024,1,1,1,
25,0530C1-22600536,MOUNTING KIT,"S05 30:1 MTG KIT,6""/S92 119-128",288,"0,46",2021-01-21 20:03:29.738920,2021-01-21 20:03:29.739024,1,1,1,
26,0530D1-22600536,MOUNTING KIT,"S05 30:1MTG KIT,8""/S92 128",467,"0,46",2021-01-21 20:03:29.738920,2021-01-21 20:03:29.739024,1,1,1,
27,0530E0-22600536,MOUNTING KIT,"S05 30:1MTG KIT,10-12""/S92 118-160",288,"0,46",2021-01-21 20:03:29.738920,2021-01-21 20:03:29.739024,1,1,1,
28,140050-11000CSRR-NN,VÁLVULA DE BOLA S8000,Series 8000 / carbon Steel ,53,"0,46",2021-01-21 20:03:29.738920,2021-01-21 20:03:29.739024,2,1,1,
29,140050-11000SSRR-NN,VÁLVULA DE BOLA S7000,Series 7000 / Stainless Steel ,61,"0,46",2021-01-21 20:03:29.738920,2021-01-21 20:03:29.739024,2,1,1,
30,140075-11000CSRR-NN,VÁLVULA DE BOLA S8000,Series 8000 / carbon Steel ,63,"0,46",2021-01-21 20:03:29.738920,2021-01-21 20:03:29.739024,2,1,1,
31,140075-11000SSRR-NN,VÁLVULA DE BOLA S7000,Series 7000 / Stainless Steel ,75,"0,46",2021-01-21 20:03:29.738920,2021-01-21 20:03:29.739024,2,1,1,
32,140100-11000CSRR-NN,VÁLVULA DE BOLA S8000,Series 8000 / carbon Steel ,80,"0,46",2021-01-21 20:03:29.738920,2021-01-21 20:03:29.739024,2,1,1,
33,140100-11000SSRR-NN,VÁLVULA DE BOLA S7000,Series 7000 / Stainless Steel ,96,"0,46",2021-01-21 20:03:29.738920,2021-01-21 20:03:29.739024,2,1,1,
34,140150-11000CSRR-NN,VÁLVULA DE BOLA S8000,Series 8000 / carbon Steel ,154,"0,46",2021-01-21 20:03:29.738920,2021-01-21 20:03:29.739024,2,1,1,
35,140150-11000SSRR-NN,VÁLVULA DE BOLA S7000,Series 7000 / Stainless Steel ,190,"0,46",2021-01-21 20:03:29.738920,2021-01-21 20:03:29.739024,2,1,1,
36,140200-11000CSRR-NN,VÁLVULA DE BOLA S8000,Series 8000 / carbon Steel ,205,"0,46",2021-01-21 20:03:29.738920,2021-01-21 20:03:29.739024,2,1,1,
37,140200-11000SSRR-NN,VÁLVULA DE BOLA S7000,Series 7000 / Stainless Steel ,260,"0,46",2021-01-21 20:03:29.738920,2021-01-21 20:03:29.739024,2,1,1,
38,140250-11000CSRR-NN,VÁLVULA DE BOLA S8000,Series 8000 / carbon Steel ,411,"0,46",2021-01-21 20:03:29.738920,2021-01-21 20:03:29.739024,2,1,1,
39,140250-11000SSRR-NN,VÁLVULA DE BOLA S7000,Series 7000 / Stainless Steel ,501,"0,46",2021-01-21 20:03:29.738920,2021-01-21 20:03:29.739024,2,1,1,
40,140300-11000CSRR-NN,VÁLVULA DE BOLA S8000,Series 8000 / carbon Steel ,553,"0,46",2021-01-21 20:03:29.738920,2021-01-21 20:03:29.739024,2,1,1,
41,140300-11000SSRR-NN,VÁLVULA DE BOLA S7000,Series 7000 / Stainless Steel ,702,"0,46",2021-01-21 20:03:29.738920,2021-01-21 20:03:29.739024,2,1,1,
42,140400-11000CSRR-NN,VÁLVULA DE BOLA S8000,Series 8000 / carbon Steel ,876,"0,46",2021-01-21 20:03:29.738920,2021-01-21 20:03:29.739024,2,1,1,
43,140400-11000SSRR-NN,VÁLVULA DE BOLA S7000,Series 7000 / Stainless Steel ,1109,"0,46",2021-01-21 20:03:29.738920,2021-01-21 20:03:29.739024,2,1,1,
44,150100-11000CSJR-NN,VÁLVULA DE BOLA F15,  Carbon Steel ,126,"0,46",2021-01-21 20:03:29.738920,2021-01-21 20:03:29.739024,2,1,1,
45,150100-11000SSJR-NN,VÁLVULA DE BOLA F15,SS316  ,177,"0,46",2021-01-21 20:03:29.738920,2021-01-21 20:03:29.739024,2,1,1,
46,150150-11000CSJR-NN,VÁLVULA DE BOLA F15,  Carbon Steel ,221,"0,46",2021-01-21 20:03:29.738920,2021-01-21 20:03:29.739024,2,1,1,
47,150150-11000SSJR-NN,VÁLVULA DE BOLA F15,SS316  ,313,"0,46",2021-01-21 20:03:29.738920,2021-01-21 20:03:29.739024,2,1,1,
48,150200-11000CSJR-NN,VÁLVULA DE BOLA F15,  Carbon Steel ,293,"0,46",2021-01-21 20:03:29.738920,2021-01-21 20:03:29.739024,2,1,1,
49,150200-11000SSJR-NN,VÁLVULA DE BOLA F15,SS316  ,421,"0,46",2021-01-21 20:03:29.738920,2021-01-21 20:03:29.739024,2,1,1,
50,150250-11000CSJR-NN,VÁLVULA DE BOLA F15,  Carbon Steel ,497,"0,46",2021-01-21 20:03:29.738920,2021-01-21 20:03:29.739024,2,1,1,
51,150250-11000SSJR-NN,VÁLVULA DE BOLA F15,SS316  ,716,"0,46",2021-01-21 20:03:29.738920,2021-01-21 20:03:29.739024,2,1,1,
52,150300-11000CSJR-NN,VÁLVULA DE BOLA F15,  Carbon Steel ,628,"0,46",2021-01-21 20:03:29.738920,2021-01-21 20:03:29.739024,2,1,1,
53,150300-11000SSJR-NN,VÁLVULA DE BOLA F15,SS316  ,889,"0,46",2021-01-21 20:03:29.738920,2021-01-21 20:03:29.739024,2,1,1,
54,150400-11000CSJR-NN,VÁLVULA DE BOLA F15,  Carbon Steel ,940,"0,46",2021-01-21 20:03:29.738920,2021-01-21 20:03:29.739024,2,1,1,
55,150400-11000SSJR-NN,VÁLVULA DE BOLA F15,SS316  ,1286,"0,46",2021-01-21 20:03:29.738920,2021-01-21 20:03:29.739024,2,1,1,
56,150600-11000CSJR-NN,VÁLVULA DE BOLA F15,  Carbon Steel ,2161,"0,46",2021-01-21 20:03:29.738920,2021-01-21 20:03:29.739024,2,1,1,
57,150600-11000SSJR-NN,VÁLVULA DE BOLA F15,SS316  ,3394,"0,46",2021-01-21 20:03:29.738920,2021-01-21 20:03:29.739024,2,1,1,
58,150800-11000CSJR-NN,VÁLVULA DE BOLA F15,  Carbon Steel ,3551,"0,46",2021-01-21 20:03:29.738920,2021-01-21 20:03:29.739024,2,1,1,
59,150800-11000SSJR-NN,VÁLVULA DE BOLA F15,SS316  ,5352,"0,46",2021-01-21 20:03:29.738920,2021-01-21 20:03:29.739024,2,1,1,
60,151000-11000CSJR-NN,VÁLVULA DE BOLA F15,  Carbon Steel ,6191,"0,46",2021-01-21 20:03:29.738920,2021-01-21 20:03:29.739024,2,1,1,
61,151000-11000SSJR-NN,VÁLVULA DE BOLA F15,SS316  ,9031,"0,46",2021-01-21 20:03:29.738920,2021-01-21 20:03:29.739024,2,1,1,
62,151200-11000CSJR-NN,VÁLVULA DE BOLA F15,  Carbon Steel ,9749,"0,46",2021-01-21 20:03:29.738920,2021-01-21 20:03:29.739024,2,1,1,
63,151200-11000SSJR-NN,VÁLVULA DE BOLA F15,SS316  ,13574,"0,46",2021-01-21 20:03:29.738920,2021-01-21 20:03:29.739024,2,1,1,
64,160025-11A50CSRR-NN,VÁLVULA DE BOLA S600E,Series 600E / carbon Steel ,15,"0,46",2021-01-21 20:03:29.738920,2021-01-21 20:03:29.739024,2,1,1,
65,160025-11A50SSRR-NN,VÁLVULA DE BOLA S500E,Series 500E / Full 316  ,18,"0,46",2021-01-21 20:03:29.738920,2021-01-21 20:03:29.739024,2,1,1,
66,160038-11A50CSRR-NN,VÁLVULA DE BOLA S600E,Series 600E / carbon Steel ,15,"0,46",2021-01-21 20:03:29.738920,2021-01-21 20:03:29.739024,2,1,1,
67,160038-11A50SSRR-NN,VÁLVULA DE BOLA S500E,Series 500E / Full 316  ,18,"0,46",2021-01-21 20:03:29.738920,2021-01-21 20:03:29.739024,2,1,1,
68,160050-11A00SSRR-NN,VÁLVULA DE BOLA S40,Series 40 / SS 316 / 1000 WOG / NPT,12,"0,46",2021-01-21 20:03:29.738920,2021-01-21 20:03:29.739024,2,1,1,
69,160050-11A01BBTT-NN ,VÁLVULA DE BOLA S80,Series 80/ SS316 /1000 WOG / NPT,9,"0,46",2021-01-21 20:03:29.738920,2021-01-21 20:03:29.739024,2,1,1,
70,160050-11A50CSRR-NN,VÁLVULA DE BOLA S600E,Series 600E / carbon Steel ,19,"0,46",2021-01-21 20:03:29.738920,2021-01-21 20:03:29.739024,2,1,1,
71,160050-11A50SSRR-NN,VÁLVULA DE BOLA S500E,Series 500E / Full 316  ,24,"0,46",2021-01-21 20:03:29.738920,2021-01-21 20:03:29.739024,2,1,1,
72,160075-11A00SSRR-NN,VÁLVULA DE BOLA S40,Series 40 / SS 316 / 1000 WOG / NPT,15,"0,46",2021-01-21 20:03:29.738920,2021-01-21 20:03:29.739024,2,1,1,
73,160075-11A01BBTT-NN ,VÁLVULA DE BOLA S80,Series 80/ SS316 /1000 WOG / NPT,14,"0,46",2021-01-21 20:03:29.738920,2021-01-21 20:03:29.739024,2,1,1,
74,160075-11A50CSRR-NN,VÁLVULA DE BOLA S600E,Series 600E / carbon Steel ,27,"0,46",2021-01-21 20:03:29.738920,2021-01-21 20:03:29.739024,2,1,1,
75,160075-11A50SSRR-NN,VÁLVULA DE BOLA S500E,Series 500E / Full 316  ,34,"0,46",2021-01-21 20:03:29.738920,2021-01-21 20:03:29.739024,2,1,1,
76,160100-11A00SSRR-NN,VÁLVULA DE BOLA S40,Series 40 / SS 316 / 1000 WOG / NPT,19,"0,46",2021-01-21 20:03:29.738920,2021-01-21 20:03:29.739024,2,1,1,
77,160100-11A01BBTT-NN ,VÁLVULA DE BOLA S80,Series 80/ SS316 /1000 WOG / NPT,31,"0,46",2021-01-21 20:03:29.738920,2021-01-21 20:03:29.739024,2,1,1,
78,160100-11A50CSRR-NN,VÁLVULA DE BOLA S600E,Series 600E / carbon Steel ,35,"0,46",2021-01-21 20:03:29.738920,2021-01-21 20:03:29.739024,2,1,1,
79,160100-11A50SSRR-NN,VÁLVULA DE BOLA S500E,Series 500E / Full 316  ,44,"0,46",2021-01-21 20:03:29.738920,2021-01-21 20:03:29.739024,2,1,1,
80,160125-11A00SSRR-NN,VÁLVULA DE BOLA S40,Series 40 / SS 316 / 1000 WOG / NPT,27,"0,46",2021-01-21 20:03:29.738920,2021-01-21 20:03:29.739024,2,1,1,
81,160125-11A01BBTT-NN ,VÁLVULA DE BOLA S80,Series 80/ SS316 /1000 WOG / NPT,35,"0,46",2021-01-21 20:03:29.738920,2021-01-21 20:03:29.739024,2,1,1,
82,160125-11A50CSRR-NN,VÁLVULA DE BOLA S600E,Series 600E / carbon Steel ,78,"0,46",2021-01-21 20:03:29.738920,2021-01-21 20:03:29.739024,2,1,1,
83,160125-11A50SSRR-NN,VÁLVULA DE BOLA S500E,Series 500E / Full 316  ,62,"0,46",2021-01-21 20:03:29.738920,2021-01-21 20:03:29.739024,2,1,1,
84,160150-11A00SSRR-NN,VÁLVULA DE BOLA S40,Series 40 / SS 316 / 1000 WOG / NPT,33,"0,46",2021-01-21 20:03:29.738920,2021-01-21 20:03:29.739024,2,1,1,
85,160150-11A01BBTT-NN ,VÁLVULA DE BOLA S80,Series 80/ SS316 /1000 WOG / NPT,38,"0,46",2021-01-21 20:03:29.738920,2021-01-21 20:03:29.739024,2,1,1,
86,160150-11A50CSRR-NN,VÁLVULA DE BOLA S600E,Series 600E / carbon Steel ,104,"0,46",2021-01-21 20:03:29.738920,2021-01-21 20:03:29.739024,2,1,1,
87,160150-11A50SSRR-NN,VÁLVULA DE BOLA S500E,Series 500E / Full 316  ,90,"0,46",2021-01-21 20:03:29.738920,2021-01-21 20:03:29.739024,2,1,1,
88,160200-11A00SSRR-NN,VÁLVULA DE BOLA S40,Series 40 / SS 316 / 1000 WOG / NPT,51,"0,46",2021-01-21 20:03:29.738920,2021-01-21 20:03:29.739024,2,1,1,
89,160200-11A01BBTT-NN ,VÁLVULA DE BOLA S80,Series 80/ SS316 /1000 WOG / NPT,69,"0,46",2021-01-21 20:03:29.738920,2021-01-21 20:03:29.739024,2,1,1,
90,160200-11A50CSRR-NN,VÁLVULA DE BOLA S600E,Series 600E / carbon Steel ,117,"0,46",2021-01-21 20:03:29.738920,2021-01-21 20:03:29.739024,2,1,1,
91,160200-11A50SSRR-NN,VÁLVULA DE BOLA S500E,Series 500E / Full 316  ,152,"0,46",2021-01-21 20:03:29.738920,2021-01-21 20:03:29.739024,2,1,1,
92,160250-11A01BBTT-NN ,VÁLVULA DE BOLA S80,Series 80/ SS316 /1000 WOG / NPT,227,"0,46",2021-01-21 20:03:29.738920,2021-01-21 20:03:29.739024,2,1,1,
93,160250-11A50CSRR-NN,VÁLVULA DE BOLA S600E,Series 600E / carbon Steel ,233,"0,46",2021-01-21 20:03:29.738920,2021-01-21 20:03:29.739024,2,1,1,
94,160250-11A50SSRR-NN,VÁLVULA DE BOLA S500E,Series 500E / Full 316  ,301,"0,46",2021-01-21 20:03:29.738920,2021-01-21 20:03:29.739024,2,1,1,
95,160300-11A01BBTT-NN ,VÁLVULA DE BOLA S80,Series 80/ SS316 /1000 WOG / NPT,197,"0,46",2021-01-21 20:03:29.738920,2021-01-21 20:03:29.739024,2,1,1,
96,160300-11A50CSRR-NN,VÁLVULA DE BOLA S600E,Series 600E / carbon Steel ,326,"0,46",2021-01-21 20:03:29.738920,2021-01-21 20:03:29.739024,2,1,1,
97,160300-11A50SSRR-NN,VÁLVULA DE BOLA S500E,Series 500E / Full 316  ,426,"0,46",2021-01-21 20:03:29.738920,2021-01-21 20:03:29.739024,2,1,1,
98,160400-11A01BBTT-NN ,VÁLVULA DE BOLA S80,Series 80/ SS316 /1000 WOG / NPT,632,"0,46",2021-01-21 20:03:29.738920,2021-01-21 20:03:29.739024,2,1,1,
99,160400-11A50CSRR-NN,VÁLVULA DE BOLA S600E,Series 600E / carbon Steel ,844,"0,46",2021-01-21 20:03:29.738920,2021-01-21 20:03:29.739024,2,1,1,
100,160400-11A50SSRR-NN,VÁLVULA DE BOLA S500E,Series 500E / Full 316  ,904,"0,46",2021-01-21 20:03:29.738920,2021-01-21 20:03:29.739024,2,1,1,
101,200100-11010124,VÁLVULA MARIPOSA S20,316/316,54,"0,46",2021-01-21 20:03:29.738920,2021-01-21 20:03:29.739024,1,1,1,
102,200100-11010125,VÁLVULA MARIPOSA S20,316/316,57,"0,46",2021-01-21 20:03:29.738920,2021-01-21 20:03:29.739024,1,1,1,
103,200150-11010124,VÁLVULA MARIPOSA S20,316/316,60,"0,46",2021-01-21 20:03:29.738920,2021-01-21 20:03:29.739024,1,1,1,
104,200150-11010125,VÁLVULA MARIPOSA S20,316/316,65,"0,46",2021-01-21 20:03:29.738920,2021-01-21 20:03:29.739024,1,1,1,
105,200200 - 110101BU,VÁLVULA MARIPOSA S20 – 1EC,Boron / 17-4,1144,"0,46",2021-01-21 20:03:29.738920,2021-01-21 20:03:29.739024,1,1,1,
106,200200-11010124,VÁLVULA MARIPOSA S20,316/316,83,"0,46",2021-01-21 20:03:29.738920,2021-01-21 20:03:29.739024,1,1,1,
107,200200-11010125,VÁLVULA MARIPOSA S20,316/316,90,"0,46",2021-01-21 20:03:29.738920,2021-01-21 20:03:29.739024,1,1,1,
108,200200-11010127,VÁLVULA MARIPOSA S20 – 127,PTFE/316,219,"0,46",2021-01-21 20:03:29.738920,2021-01-21 20:03:29.739024,1,1,1,
109,200250 - 110101BU,VÁLVULA MARIPOSA S20 – 1EC,Boron / 17-4,1739,"0,46",2021-01-21 20:03:29.738920,2021-01-21 20:03:29.739024,1,1,1,
110,200250-11010124,VÁLVULA MARIPOSA S20,316/316,95,"0,46",2021-01-21 20:03:29.738920,2021-01-21 20:03:29.739024,1,1,1,
111,200250-11010125,VÁLVULA MARIPOSA S20,316/316,104,"0,46",2021-01-21 20:03:29.738920,2021-01-21 20:03:29.739024,1,1,1,
112,200250-11010127,VÁLVULA MARIPOSA S20 – 127,PTFE/316,265,"0,46",2021-01-21 20:03:29.738920,2021-01-21 20:03:29.739024,1,1,1,
113,200300 - 110101BU,VÁLVULA MARIPOSA S20 – 1EC,Boron / 17-4,1914,"0,46",2021-01-21 20:03:29.738920,2021-01-21 20:03:29.739024,1,1,1,
114,200300-11010124,VÁLVULA MARIPOSA S20,316/316,104,"0,46",2021-01-21 20:03:29.738920,2021-01-21 20:03:29.739024,1,1,1,
115,200300-11010125,VÁLVULA MARIPOSA S20,316/316,116,"0,46",2021-01-21 20:03:29.738920,2021-01-21 20:03:29.739024,1,1,1,
116,200300-11010127,VÁLVULA MARIPOSA S20 – 127,PTFE/316,293,"0,46",2021-01-21 20:03:29.738920,2021-01-21 20:03:29.739024,1,1,1,
117,200400 - 110101BU,VÁLVULA MARIPOSA S20 – 1EC,Boron / 17-4,2138,"0,46",2021-01-21 20:03:29.738920,2021-01-21 20:03:29.739024,1,1,1,
118,200400-11010124,VÁLVULA MARIPOSA S20,316/316,135,"0,46",2021-01-21 20:03:29.738920,2021-01-21 20:03:29.739024,1,1,1,
119,200400-11010125,VÁLVULA MARIPOSA S20,316/316,154,"0,46",2021-01-21 20:03:29.738920,2021-01-21 20:03:29.739024,1,1,1,
120,200400-11010127,VÁLVULA MARIPOSA S20 – 127,PTFE/316,378,"0,46",2021-01-21 20:03:29.738920,2021-01-21 20:03:29.739024,1,1,1,
121,200500-11010124,VÁLVULA MARIPOSA S20,316/316,199,"0,46",2021-01-21 20:03:29.738920,2021-01-21 20:03:29.739024,1,1,1,
122,200500-11010125,VÁLVULA MARIPOSA S20,316/316,224,"0,46",2021-01-21 20:03:29.738920,2021-01-21 20:03:29.739024,1,1,1,
123,200600 - 110101BU,VÁLVULA MARIPOSA S20 – 1EC,Boron / 17-4,2759,"0,46",2021-01-21 20:03:29.738920,2021-01-21 20:03:29.739024,1,1,1,
124,200600-11010124,VÁLVULA MARIPOSA S20,316/316,236,"0,46",2021-01-21 20:03:29.738920,2021-01-21 20:03:29.739024,1,1,1,
125,200600-11010125,VÁLVULA MARIPOSA S20,316/316,259,"0,46",2021-01-21 20:03:29.738920,2021-01-21 20:03:29.739024,1,1,1,
126,200600-11010127,VÁLVULA MARIPOSA S20 – 127,PTFE/316,651,"0,46",2021-01-21 20:03:29.738920,2021-01-21 20:03:29.739024,1,1,1,
127,200800 - 110101BU,VÁLVULA MARIPOSA S20 – 1EC,Boron / 17-4,3496,"0,46",2021-01-21 20:03:29.738920,2021-01-21 20:03:29.739024,1,1,1,
128,200800-11010124,VÁLVULA MARIPOSA S20,316/316,412,"0,46",2021-01-21 20:03:29.738920,2021-01-21 20:03:29.739024,1,1,1,
129,200800-11010125,VÁLVULA MARIPOSA S20,316/316,454,"0,46",2021-01-21 20:03:29.738920,2021-01-21 20:03:29.739024,1,1,1,
130,200800-11010127,VÁLVULA MARIPOSA S20 – 127,PTFE/316,1161,"0,46",2021-01-21 20:03:29.738920,2021-01-21 20:03:29.739024,1,1,1,
131,201000-11010124,VÁLVULA MARIPOSA S20,316/316,645,"0,46",2021-01-21 20:03:29.738920,2021-01-21 20:03:29.739024,1,1,1,
132,201000-11010125,VÁLVULA MARIPOSA S20,316/316,702,"0,46",2021-01-21 20:03:29.738920,2021-01-21 20:03:29.739024,1,1,1,
133,201000-11010127,VÁLVULA MARIPOSA S20 – 127,PTFE/316,1856,"0,46",2021-01-21 20:03:29.738920,2021-01-21 20:03:29.739024,1,1,1,
134,201200-11010124,VÁLVULA MARIPOSA S20,316/316,1019,"0,46",2021-01-21 20:03:29.738920,2021-01-21 20:03:29.739024,1,1,1,
135,201200-11010125,VÁLVULA MARIPOSA S20,316/316,1101,"0,46",2021-01-21 20:03:29.738920,2021-01-21 20:03:29.739024,1,1,1,
136,201200-11010127,VÁLVULA MARIPOSA S20 – 127,PTFE/316,2434,"0,46",2021-01-21 20:03:29.738920,2021-01-21 20:03:29.739024,1,1,1,
137,210200-11010124,VÁLVULA MARIPOSA S21,316/316,94,"0,46",2021-01-21 20:03:29.738920,2021-01-21 20:03:29.739024,1,1,1,
138,210200-11010125,VÁLVULA MARIPOSA S21,316/316,98,"0,46",2021-01-21 20:03:29.738920,2021-01-21 20:03:29.739024,1,1,1,
139,210250-11010124,VÁLVULA MARIPOSA S21,316/316,104,"0,46",2021-01-21 20:03:29.738920,2021-01-21 20:03:29.739024,1,1,1,
140,210250-11010125,VÁLVULA MARIPOSA S21,316/316,110,"0,46",2021-01-21 20:03:29.738920,2021-01-21 20:03:29.739024,1,1,1,
141,210300-11010124,VÁLVULA MARIPOSA S21,316/316,118,"0,46",2021-01-21 20:03:29.738920,2021-01-21 20:03:29.739024,1,1,1,
142,210300-11010125,VÁLVULA MARIPOSA S21,316/316,125,"0,46",2021-01-21 20:03:29.738920,2021-01-21 20:03:29.739024,1,1,1,
143,210400-11010124,VÁLVULA MARIPOSA S21,316/316,174,"0,46",2021-01-21 20:03:29.738920,2021-01-21 20:03:29.739024,1,1,1,
144,210400-11010125,VÁLVULA MARIPOSA S21,316/316,183,"0,46",2021-01-21 20:03:29.738920,2021-01-21 20:03:29.739024,1,1,1,
145,210600-11010124,VÁLVULA MARIPOSA S21,316/316,270,"0,46",2021-01-21 20:03:29.738920,2021-01-21 20:03:29.739024,1,1,1,
146,210600-11010125,VÁLVULA MARIPOSA S21,316/316,282,"0,46",2021-01-21 20:03:29.738920,2021-01-21 20:03:29.739024,1,1,1,
147,210800-11010124,VÁLVULA MARIPOSA S21,316/316,459,"0,46",2021-01-21 20:03:29.738920,2021-01-21 20:03:29.739024,1,1,1,
148,210800-11010125,VÁLVULA MARIPOSA S21,316/316,478,"0,46",2021-01-21 20:03:29.738920,2021-01-21 20:03:29.739024,1,1,1,
149,211000-11010124,VÁLVULA MARIPOSA S21,316/316,679,"0,46",2021-01-21 20:03:29.738920,2021-01-21 20:03:29.739024,1,1,1,
150,211000-11010125,VÁLVULA MARIPOSA S21,316/316,704,"0,46",2021-01-21 20:03:29.738920,2021-01-21 20:03:29.739024,1,1,1,
151,211200-11010124,VÁLVULA MARIPOSA S21,316/316,1058,"0,46",2021-01-21 20:03:29.738920,2021-01-21 20:03:29.739024,1,1,1,
152,211200-11010125,VÁLVULA MARIPOSA S21,316/316,1081,"0,46",2021-01-21 20:03:29.738920,2021-01-21 20:03:29.739024,1,1,1,
153,230200-1101Z386,VÁLVULA MARIPOSA S23-386,PTFE/17-4,411,"0,46",2021-01-21 20:03:29.738920,2021-01-21 20:03:29.739024,1,1,1,
154,230250-1101Z386,VÁLVULA MARIPOSA S23-386,PTFE/17-4,512,"0,46",2021-01-21 20:03:29.738920,2021-01-21 20:03:29.739024,1,1,1,
155,230300-1101Z386,VÁLVULA MARIPOSA S23-386,PTFE/17-4,532,"0,46",2021-01-21 20:03:29.738920,2021-01-21 20:03:29.739024,1,1,1,
156,230400-1101Z386,VÁLVULA MARIPOSA S23-386,PTFE/17-4,692,"0,46",2021-01-21 20:03:29.738920,2021-01-21 20:03:29.739024,1,1,1,
157,230500-1101Z386,VÁLVULA MARIPOSA S23-386,PTFE/17-4,927,"0,46",2021-01-21 20:03:29.738920,2021-01-21 20:03:29.739024,1,1,1,
158,230600-1101Z33A,VÁLVULA MARIPOSA S23-386,PTFE/17-4,1054,"0,46",2021-01-21 20:03:29.738920,2021-01-21 20:03:29.739024,1,1,1,
159,230800-1101Z33A,VÁLVULA MARIPOSA S23-386,PTFE/17-4,1676,"0,46",2021-01-21 20:03:29.738920,2021-01-21 20:03:29.739024,1,1,1,
160,231000-1101Z33A,VÁLVULA MARIPOSA S23-386,PTFE/17-4,2359,"0,46",2021-01-21 20:03:29.738920,2021-01-21 20:03:29.739024,1,1,1,
161,231200-1101Z33A,VÁLVULA MARIPOSA S23-386,PTFE/17-4,3407,"0,46",2021-01-21 20:03:29.738920,2021-01-21 20:03:29.739024,1,1,1,
162,300200-11010119,VÁLVULA MARIPOSA S30,Nylon 11/416,54,"0,46",2021-01-21 20:03:29.738920,2021-01-21 20:03:29.739024,1,1,1,
163,300200-11010169,VÁLVULA MARIPOSA S30,316/416,58,"0,46",2021-01-21 20:03:29.738920,2021-01-21 20:03:29.739024,1,1,1,
164,300200-11010170,VÁLVULA MARIPOSA S30,316/416,68,"0,46",2021-01-21 20:03:29.738920,2021-01-21 20:03:29.739024,1,1,1,
165,300250-11010119,VÁLVULA MARIPOSA S30,Nylon 11/416,61,"0,46",2021-01-21 20:03:29.738920,2021-01-21 20:03:29.739024,1,1,1,
166,300250-11010169,VÁLVULA MARIPOSA S30,316/416,66,"0,46",2021-01-21 20:03:29.738920,2021-01-21 20:03:29.739024,1,1,1,
167,300250-11010170,VÁLVULA MARIPOSA S30,316/416,79,"0,46",2021-01-21 20:03:29.738920,2021-01-21 20:03:29.739024,1,1,1,
168,300300-11010119,VÁLVULA MARIPOSA S30,Nylon 11/416,68,"0,46",2021-01-21 20:03:29.738920,2021-01-21 20:03:29.739024,1,1,1,
169,300300-11010169,VÁLVULA MARIPOSA S30,316/416,75,"0,46",2021-01-21 20:03:29.738920,2021-01-21 20:03:29.739024,1,1,1,
170,300300-11010170,VÁLVULA MARIPOSA S30,316/416,91,"0,46",2021-01-21 20:03:29.738920,2021-01-21 20:03:29.739024,1,1,1,
171,300400-11010119,VÁLVULA MARIPOSA S30,Nylon 11/416,90,"0,46",2021-01-21 20:03:29.738920,2021-01-21 20:03:29.739024,1,1,1,
172,300400-11010169,VÁLVULA MARIPOSA S30,316/416,106,"0,46",2021-01-21 20:03:29.738920,2021-01-21 20:03:29.739024,1,1,1,
173,300400-11010170,VÁLVULA MARIPOSA S30,316/416,131,"0,46",2021-01-21 20:03:29.738920,2021-01-21 20:03:29.739024,1,1,1,
174,300500-11010119,VÁLVULA MARIPOSA S30,Nylon 11/416,116,"0,46",2021-01-21 20:03:29.738920,2021-01-21 20:03:29.739024,1,1,1,
175,300500-11010169,VÁLVULA MARIPOSA S30,316/416,140,"0,46",2021-01-21 20:03:29.738920,2021-01-21 20:03:29.739024,1,1,1,
176,300500-11010170,VÁLVULA MARIPOSA S30,316/416,174,"0,46",2021-01-21 20:03:29.738920,2021-01-21 20:03:29.739024,1,1,1,
177,300600-11010119,VÁLVULA MARIPOSA S30,Nylon 11/416,132,"0,46",2021-01-21 20:03:29.738920,2021-01-21 20:03:29.739024,1,1,1,
178,300600-11010169,VÁLVULA MARIPOSA S30,316/416,172,"0,46",2021-01-21 20:03:29.738920,2021-01-21 20:03:29.739024,1,1,1,
179,300600-11010170,VÁLVULA MARIPOSA S30,316/416,205,"0,46",2021-01-21 20:03:29.738920,2021-01-21 20:03:29.739024,1,1,1,
180,300800-11010119,VÁLVULA MARIPOSA S30,Nylon 11/416,214,"0,46",2021-01-21 20:03:29.738920,2021-01-21 20:03:29.739024,1,1,1,
181,300800-11010169,VÁLVULA MARIPOSA S30,316/416,311,"0,46",2021-01-21 20:03:29.738920,2021-01-21 20:03:29.739024,1,1,1,
182,300800-11010170,VÁLVULA MARIPOSA S30,316/416,372,"0,46",2021-01-21 20:03:29.738920,2021-01-21 20:03:29.739024,1,1,1,
183,301000-11010119,VÁLVULA MARIPOSA S30,Nylon 11/416,310,"0,46",2021-01-21 20:03:29.738920,2021-01-21 20:03:29.739024,1,1,1,
184,301000-11010169,VÁLVULA MARIPOSA S30,316/416,509,"0,46",2021-01-21 20:03:29.738920,2021-01-21 20:03:29.739024,1,1,1,
185,301000-11010170,VÁLVULA MARIPOSA S30,316/416,597,"0,46",2021-01-21 20:03:29.738920,2021-01-21 20:03:29.739024,1,1,1,
186,301200-11010119,VÁLVULA MARIPOSA S30,Nylon 11/416,428,"0,46",2021-01-21 20:03:29.738920,2021-01-21 20:03:29.739024,1,1,1,
187,301200-11010169,VÁLVULA MARIPOSA S30,316/416,753,"0,46",2021-01-21 20:03:29.738920,2021-01-21 20:03:29.739024,1,1,1,
188,301200-11010170,VÁLVULA MARIPOSA S30,316/416,882,"0,46",2021-01-21 20:03:29.738920,2021-01-21 20:03:29.739024,1,1,1,
189,301400-11010119,VÁLVULA MARIPOSA S30,Nylon 11/416,629,"0,46",2021-01-21 20:03:29.738920,2021-01-21 20:03:29.739024,1,1,1,
190,301400-11010169,VÁLVULA MARIPOSA S30,316/416,1213,"0,46",2021-01-21 20:03:29.738920,2021-01-21 20:03:29.739024,1,1,1,
191,301400-11010170,VÁLVULA MARIPOSA S30,316/416,1392,"0,46",2021-01-21 20:03:29.738920,2021-01-21 20:03:29.739024,1,1,1,
192,301419-71500580,SLEEVE ADAPTER A1,"SLEEVE ADAPTER,A1,14mm TO 19mm",14,"0,46",2021-01-21 20:03:29.738920,2021-01-21 20:03:29.739024,1,1,1,
193,301600-11010119,VÁLVULA MARIPOSA S30,Nylon 11/416,891,"0,46",2021-01-21 20:03:29.738920,2021-01-21 20:03:29.739024,1,1,1,
194,301600-11010169,VÁLVULA MARIPOSA S30,316/416,1649,"0,46",2021-01-21 20:03:29.738920,2021-01-21 20:03:29.739024,1,1,1,
195,301600-11010170,VÁLVULA MARIPOSA S30,316/416,1860,"0,46",2021-01-21 20:03:29.738920,2021-01-21 20:03:29.739024,1,1,1,
196,301619-71500580,SLEEVE ADAPTER B1,"SLEEVE ADAPTER,B1,16mm TO 19mm",16,"0,46",2021-01-21 20:03:29.738920,2021-01-21 20:03:29.739024,1,1,1,
197,301630-71500530,SLEEVE ADAPTER B2,ADAPTADOR B2 OPERADOR ENG (B1 + C1),16,"0,46",2021-01-21 20:03:29.738920,2021-01-21 20:03:29.739024,1,1,1,
198,301800-11010119,VÁLVULA MARIPOSA S30,Nylon 11/416,1302,"0,46",2021-01-21 20:03:29.738920,2021-01-21 20:03:29.739024,1,1,1,
199,301800-11010169,VÁLVULA MARIPOSA S30,316/416,2411,"0,46",2021-01-21 20:03:29.738920,2021-01-21 20:03:29.739024,1,1,1,
200,301800-11010170,VÁLVULA MARIPOSA S30,316/416,2694,"0,46",2021-01-21 20:03:29.738920,2021-01-21 20:03:29.739024,1,1,1,
201,301930-71500580,SLEEVE ADAPTER C1,"SLEEVE ADAPTER,C1,",16,"0,46",2021-01-21 20:03:29.738920,2021-01-21 20:03:29.739024,1,1,1,
202,302000-11010119,VÁLVULA MARIPOSA S30,Nylon 11/416,1658,"0,46",2021-01-21 20:03:29.738920,2021-01-21 20:03:29.739024,1,1,1,
203,302000-11010169,VÁLVULA MARIPOSA S30,316/416,2907,"0,46",2021-01-21 20:03:29.738920,2021-01-21 20:03:29.739024,1,1,1,
204,302000-11010170,VÁLVULA MARIPOSA S30,316/416,3259,"0,46",2021-01-21 20:03:29.738920,2021-01-21 20:03:29.739024,1,1,1,
205,302230-71500580,SLEEVE ADAPTER D1,"SLEEVE ADAPTER,D1,22mm TO 30mm",18,"0,46",2021-01-21 20:03:29.738920,2021-01-21 20:03:29.739024,1,1,1,
206,303050-23200528,SLEEVE ADAPTER E2,"SLEEVE ADAPTER , E2  ",23,"0,46",2021-01-21 20:03:29.738920,2021-01-21 20:03:29.739024,1,1,1,
207,303550-23200528,SLEEVE ADAPTER F1,"SLEEVE ADAPTER , F1",18,"0,46",2021-01-21 20:03:29.738920,2021-01-21 20:03:29.739024,1,1,1,
208,305076-23200528,SLEEVE ADAPTER G1,STEM ADAPTER KIT G1,36,"0,46",2021-01-21 20:03:29.738920,2021-01-21 20:03:29.739024,1,1,1,
209,310200-11010119,VÁLVULA MARIPOSA S31,Nylon/416 ,59,"0,46",2021-01-21 20:03:29.738920,2021-01-21 20:03:29.739024,1,1,1,
210,310200-11010169,VÁLVULA MARIPOSA S31,316/416,63,"0,46",2021-01-21 20:03:29.738920,2021-01-21 20:03:29.739024,1,1,1,
211,310200-11010170,VÁLVULA MARIPOSA S31,316/416,73,"0,46",2021-01-21 20:03:29.738920,2021-01-21 20:03:29.739024,1,1,1,
212,310200-13000124,VÁLVULA MARIPOSA S31H,316/316,108,"0,46",2021-01-21 20:03:29.738920,2021-01-21 20:03:29.739024,1,1,1,
213,310200-130003AP,VÁLVULA MARIPOSA S3A,Halar/316,186,"0,46",2021-01-21 20:03:29.738920,2021-01-21 20:03:29.739024,1,1,1,
214,310250-11010119,VÁLVULA MARIPOSA S31,Nylon/416 ,67,"0,46",2021-01-21 20:03:29.738920,2021-01-21 20:03:29.739024,1,1,1,
215,310250-11010169,VÁLVULA MARIPOSA S31,316/416,73,"0,46",2021-01-21 20:03:29.738920,2021-01-21 20:03:29.739024,1,1,1,
216,310250-11010170,VÁLVULA MARIPOSA S31,316/416,86,"0,46",2021-01-21 20:03:29.738920,2021-01-21 20:03:29.739024,1,1,1,
217,310300-11010119,VÁLVULA MARIPOSA S31,Nylon/416 ,76,"0,46",2021-01-21 20:03:29.738920,2021-01-21 20:03:29.739024,1,1,1,
218,310300-11010169,VÁLVULA MARIPOSA S31,316/416,82,"0,46",2021-01-21 20:03:29.738920,2021-01-21 20:03:29.739024,1,1,1,
219,310300-11010170,VÁLVULA MARIPOSA S31,316/416,99,"0,46",2021-01-21 20:03:29.738920,2021-01-21 20:03:29.739024,1,1,1,
220,310300-13000124,VÁLVULA MARIPOSA S31H,316/316,148,"0,46",2021-01-21 20:03:29.738920,2021-01-21 20:03:29.739024,1,1,1,
221,310300-130003AP,VÁLVULA MARIPOSA S3A,Halar/316,371,"0,46",2021-01-21 20:03:29.738920,2021-01-21 20:03:29.739024,1,1,1,
222,310400-11010119,VÁLVULA MARIPOSA S31,Nylon/416 ,105,"0,46",2021-01-21 20:03:29.738920,2021-01-21 20:03:29.739024,1,1,1,
223,310400-11010169,VÁLVULA MARIPOSA S31,316/416,121,"0,46",2021-01-21 20:03:29.738920,2021-01-21 20:03:29.739024,1,1,1,
224,310400-11010170,VÁLVULA MARIPOSA S31,316/416,148,"0,46",2021-01-21 20:03:29.738920,2021-01-21 20:03:29.739024,1,1,1,
225,310400-13000124,VÁLVULA MARIPOSA S31H,316/316,192,"0,46",2021-01-21 20:03:29.738920,2021-01-21 20:03:29.739024,1,1,1,
226,310400-130003AP,VÁLVULA MARIPOSA S3A,Halar/316,390,"0,46",2021-01-21 20:03:29.738920,2021-01-21 20:03:29.739024,1,1,1,
227,310500-11010119,VÁLVULA MARIPOSA S31,Nylon/416 ,135,"0,46",2021-01-21 20:03:29.738920,2021-01-21 20:03:29.739024,1,1,1,
228,310500-11010169,VÁLVULA MARIPOSA S31,316/416,160,"0,46",2021-01-21 20:03:29.738920,2021-01-21 20:03:29.739024,1,1,1,
229,310500-11010170,VÁLVULA MARIPOSA S31,316/416,195,"0,46",2021-01-21 20:03:29.738920,2021-01-21 20:03:29.739024,1,1,1,
230,310600-11010119,VÁLVULA MARIPOSA S31,Nylon/416 ,151,"0,46",2021-01-21 20:03:29.738920,2021-01-21 20:03:29.739024,1,1,1,
231,310600-11010169,VÁLVULA MARIPOSA S31,316/416,192,"0,46",2021-01-21 20:03:29.738920,2021-01-21 20:03:29.739024,1,1,1,
232,310600-11010170,VÁLVULA MARIPOSA S31,316/416,227,"0,46",2021-01-21 20:03:29.738920,2021-01-21 20:03:29.739024,1,1,1,
233,310600-13000124,VÁLVULA MARIPOSA S31H,316/316,320,"0,46",2021-01-21 20:03:29.738920,2021-01-21 20:03:29.739024,1,1,1,
234,310600-130003AP,VÁLVULA MARIPOSA S3A,Halar/316,608,"0,46",2021-01-21 20:03:29.738920,2021-01-21 20:03:29.739024,1,1,1,
235,310800-11010119,VÁLVULA MARIPOSA S31,Nylon/416 ,234,"0,46",2021-01-21 20:03:29.738920,2021-01-21 20:03:29.739024,1,1,1,
236,310800-11010169,VÁLVULA MARIPOSA S31,316/416,331,"0,46",2021-01-21 20:03:29.738920,2021-01-21 20:03:29.739024,1,1,1,
237,310800-11010170,VÁLVULA MARIPOSA S31,316/416,394,"0,46",2021-01-21 20:03:29.738920,2021-01-21 20:03:29.739024,1,1,1,
238,310800-13000124,VÁLVULA MARIPOSA S31H,316/316,532,"0,46",2021-01-21 20:03:29.738920,2021-01-21 20:03:29.739024,1,1,1,
239,310800-130003AP,VÁLVULA MARIPOSA S3A,Halar/316,974,"0,46",2021-01-21 20:03:29.738920,2021-01-21 20:03:29.739024,1,1,1,
240,311000-11010119,VÁLVULA MARIPOSA S31,Nylon/416 ,353,"0,46",2021-01-21 20:03:29.738920,2021-01-21 20:03:29.739024,1,1,1,
241,311000-11010169,VÁLVULA MARIPOSA S31,316/416,553,"0,46",2021-01-21 20:03:29.738920,2021-01-21 20:03:29.739024,1,1,1,
242,311000-11010170,VÁLVULA MARIPOSA S31,316/416,644,"0,46",2021-01-21 20:03:29.738920,2021-01-21 20:03:29.739024,1,1,1,
243,311000-13000124,VÁLVULA MARIPOSA S31H,316/316,896,"0,46",2021-01-21 20:03:29.738920,2021-01-21 20:03:29.739024,1,1,1,
244,311000-130003AP,VÁLVULA MARIPOSA S3A,Halar/316,1428,"0,46",2021-01-21 20:03:29.738920,2021-01-21 20:03:29.739024,1,1,1,
245,311200-11010119,VÁLVULA MARIPOSA S31,Nylon/416 ,494,"0,46",2021-01-21 20:03:29.738920,2021-01-21 20:03:29.739024,1,1,1,
246,311200-11010169,VÁLVULA MARIPOSA S31,316/416,814,"0,46",2021-01-21 20:03:29.738920,2021-01-21 20:03:29.739024,1,1,1,
247,311200-11010170,VÁLVULA MARIPOSA S31,316/416,947,"0,46",2021-01-21 20:03:29.738920,2021-01-21 20:03:29.739024,1,1,1,
248,311200-13000124,VÁLVULA MARIPOSA S31H,316/316,1315,"0,46",2021-01-21 20:03:29.738920,2021-01-21 20:03:29.739024,1,1,1,
249,311200-130003AP,VÁLVULA MARIPOSA S3A,Halar/316,1925,"0,46",2021-01-21 20:03:29.738920,2021-01-21 20:03:29.739024,1,1,1,
250,311400-11010119,VÁLVULA MARIPOSA S31,Nylon/416 ,703,"0,46",2021-01-21 20:03:29.738920,2021-01-21 20:03:29.739024,1,1,1,
251,311400-11010169,VÁLVULA MARIPOSA S31,316/416,1238,"0,46",2021-01-21 20:03:29.738920,2021-01-21 20:03:29.739024,1,1,1,
252,311400-11010170,VÁLVULA MARIPOSA S31,316/416,1419,"0,46",2021-01-21 20:03:29.738920,2021-01-21 20:03:29.739024,1,1,1,
253,311600-11010119,VÁLVULA MARIPOSA S31,Nylon/416 ,996,"0,46",2021-01-21 20:03:29.738920,2021-01-21 20:03:29.739024,1,1,1,
254,311600-11010169,VÁLVULA MARIPOSA S31,316/416,1756,"0,46",2021-01-21 20:03:29.738920,2021-01-21 20:03:29.739024,1,1,1,
255,311600-11010170,VÁLVULA MARIPOSA S31,316/416,1973,"0,46",2021-01-21 20:03:29.738920,2021-01-21 20:03:29.739024,1,1,1,
256,311800-11010119,VÁLVULA MARIPOSA S31,Nylon/416 ,1483,"0,46",2021-01-21 20:03:29.738920,2021-01-21 20:03:29.739024,1,1,1,
257,311800-11010169,VÁLVULA MARIPOSA S31,316/416,2533,"0,46",2021-01-21 20:03:29.738920,2021-01-21 20:03:29.739024,1,1,1,
258,311800-11010170,VÁLVULA MARIPOSA S31,316/416,2824,"0,46",2021-01-21 20:03:29.738920,2021-01-21 20:03:29.739024,1,1,1,
259,312000-11010119,VÁLVULA MARIPOSA S31,Nylon/416 ,1757,"0,46",2021-01-21 20:03:29.738920,2021-01-21 20:03:29.739024,1,1,1,
260,312000-11010169,VÁLVULA MARIPOSA S31,316/416,3098,"0,46",2021-01-21 20:03:29.738920,2021-01-21 20:03:29.739024,1,1,1,
261,312000-11010170,VÁLVULA MARIPOSA S31,316/416,3462,"0,46",2021-01-21 20:03:29.738920,2021-01-21 20:03:29.739024,1,1,1,
262,362400-11010119,VÁLVULA MARIPOSA S36,Nylon 11/416,4546,"0,46",2021-01-21 20:03:29.738920,2021-01-21 20:03:29.739024,1,1,1,
263,362400-11010169,VÁLVULA MARIPOSA S36,316/416,6604,"0,46",2021-01-21 20:03:29.738920,2021-01-21 20:03:29.739024,1,1,1,
264,362800-11010169,VÁLVULA MARIPOSA S36,316/416,8636,"0,46",2021-01-21 20:03:29.738920,2021-01-21 20:03:29.739024,1,1,1,
265,363000-11010119,VÁLVULA MARIPOSA S36,Nylon 11/416,7150,"0,46",2021-01-21 20:03:29.738920,2021-01-21 20:03:29.739024,1,1,1,
266,363000-11010169,VÁLVULA MARIPOSA S36,316/416,10464,"0,46",2021-01-21 20:03:29.738920,2021-01-21 20:03:29.739024,1,1,1,
267,363600-11010119,VÁLVULA MARIPOSA S36,Nylon 11/416,10403,"0,46",2021-01-21 20:03:29.738920,2021-01-21 20:03:29.739024,1,1,1,
268,363600-11010169,VÁLVULA MARIPOSA S36,316/416,15443,"0,46",2021-01-21 20:03:29.738920,2021-01-21 20:03:29.739024,1,1,1,
269,364000-11010119,VÁLVULA MARIPOSA S36,Nylon 11/417,13741,"0,46",2021-01-21 20:03:29.738920,2021-01-21 20:03:29.739024,1,1,1,
270,364000-11010169,VÁLVULA MARIPOSA S36,316/416,21254,"0,46",2021-01-21 20:03:29.738920,2021-01-21 20:03:29.739024,1,1,1,
271,364200-11010119,VÁLVULA MARIPOSA S36,Nylon 11/418,16552,"0,46",2021-01-21 20:03:29.738920,2021-01-21 20:03:29.739024,1,1,1,
272,364200-11010169,VÁLVULA MARIPOSA S36,316/416,27116,"0,46",2021-01-21 20:03:29.738920,2021-01-21 20:03:29.739024,1,1,1,
273,364800-11010119,VÁLVULA MARIPOSA S36,Nylon 11/416,21250,"0,46",2021-01-21 20:03:29.738920,2021-01-21 20:03:29.739024,1,1,1,
274,390200-110103CC,VÁLVULA MARIPOSA S39,Ceramic / 17-4,11314,"0,46",2021-01-21 20:03:29.738920,2021-01-21 20:03:29.739024,1,1,1,
275,390300-110103CC,VÁLVULA MARIPOSA S39,Ceramic / 17-5,12574,"0,46",2021-01-21 20:03:29.738920,2021-01-21 20:03:29.739024,1,1,1,
276,390400-110103CC,VÁLVULA MARIPOSA S39,Ceramic / 17-6,20437,"0,46",2021-01-21 20:03:29.738920,2021-01-21 20:03:29.739024,1,1,1,
277,390600-110103CC,VÁLVULA MARIPOSA S39,Ceramic / 17-7,37047,"0,46",2021-01-21 20:03:29.738920,2021-01-21 20:03:29.739024,1,1,1,
278,390800-110103CC,VÁLVULA MARIPOSA S39,Ceramic / 17-8,60188,"0,46",2021-01-21 20:03:29.738920,2021-01-21 20:03:29.739024,1,1,1,
279,391000-110103CC,VÁLVULA MARIPOSA S39,Ceramic / 17-9,105828,"0,46",2021-01-21 20:03:29.738920,2021-01-21 20:03:29.739024,1,1,1,
280,400250-11001066,VÁLVULA MARIPOSA HIGH PERFORMANCE S40,316/17-4,526,"0,46",2021-01-21 20:03:29.738920,2021-01-21 20:03:29.739024,1,1,1,
281,400250-11001466,VÁLVULA MARIPOSA HIGH PERFORMANCE S40,316/17-4,342,"0,46",2021-01-21 20:03:29.738920,2021-01-21 20:03:29.739024,1,1,1,
282,400300-11001066,VÁLVULA MARIPOSA HIGH PERFORMANCE S40,316/17-4,597,"0,46",2021-01-21 20:03:29.738920,2021-01-21 20:03:29.739024,1,1,1,
283,400300-11001466,VÁLVULA MARIPOSA HIGH PERFORMANCE S40,316/17-4,368,"0,46",2021-01-21 20:03:29.738920,2021-01-21 20:03:29.739024,1,1,1,
284,400400-11001066,VÁLVULA MARIPOSA HIGH PERFORMANCE S40,316/17-4,788,"0,46",2021-01-21 20:03:29.738920,2021-01-21 20:03:29.739024,1,1,1,
285,400400-11001466,VÁLVULA MARIPOSA HIGH PERFORMANCE S40,316/17-4,446,"0,46",2021-01-21 20:03:29.738920,2021-01-21 20:03:29.739024,1,1,1,
286,400500-11001066,VÁLVULA MARIPOSA HIGH PERFORMANCE S40,316/17-4,984,"0,46",2021-01-21 20:03:29.738920,2021-01-21 20:03:29.739024,1,1,1,
287,400500-11001466,VÁLVULA MARIPOSA HIGH PERFORMANCE S40,316/17-4,583,"0,46",2021-01-21 20:03:29.738920,2021-01-21 20:03:29.739024,1,1,1,
288,400600-11001066,VÁLVULA MARIPOSA HIGH PERFORMANCE S40,316/17-4,1183,"0,46",2021-01-21 20:03:29.738920,2021-01-21 20:03:29.739024,1,1,1,
289,400600-11001466,VÁLVULA MARIPOSA HIGH PERFORMANCE S40,316/17-4,659,"0,46",2021-01-21 20:03:29.738920,2021-01-21 20:03:29.739024,1,1,1,
290,400800-11001066,VÁLVULA MARIPOSA HIGH PERFORMANCE S40,316/17-4,1675,"0,46",2021-01-21 20:03:29.738920,2021-01-21 20:03:29.739024,1,1,1,
291,400800-11001466,VÁLVULA MARIPOSA HIGH PERFORMANCE S40,316/17-4,935,"0,46",2021-01-21 20:03:29.738920,2021-01-21 20:03:29.739024,1,1,1,
292,401000-11001066,VÁLVULA MARIPOSA HIGH PERFORMANCE S40,316/17-4,2567,"0,46",2021-01-21 20:03:29.738920,2021-01-21 20:03:29.739024,1,1,1,
293,401000-11001466,VÁLVULA MARIPOSA HIGH PERFORMANCE S40,316/17-4,1472,"0,46",2021-01-21 20:03:29.738920,2021-01-21 20:03:29.739024,1,1,1,
294,401200-11001066,VÁLVULA MARIPOSA HIGH PERFORMANCE S40,316/17-4,3589,"0,46",2021-01-21 20:03:29.738920,2021-01-21 20:03:29.739024,1,1,1,
295,401200-11001466,VÁLVULA MARIPOSA HIGH PERFORMANCE S40,316/17-4,2017,"0,46",2021-01-21 20:03:29.738920,2021-01-21 20:03:29.739024,1,1,1,
296,401400-11001066,VÁLVULA MARIPOSA HIGH PERFORMANCE S40,316/17-4,6806,"0,46",2021-01-21 20:03:29.738920,2021-01-21 20:03:29.739024,1,1,1,
297,401400-11001466,VÁLVULA MARIPOSA HIGH PERFORMANCE S40,316/17-4,3690,"0,46",2021-01-21 20:03:29.738920,2021-01-21 20:03:29.739024,1,1,1,
298,401600-11001066,VÁLVULA MARIPOSA HIGH PERFORMANCE S40,316/17-4,9532,"0,46",2021-01-21 20:03:29.738920,2021-01-21 20:03:29.739024,1,1,1,
299,401600-11001466,VÁLVULA MARIPOSA HIGH PERFORMANCE S40,316/17-4,5073,"0,46",2021-01-21 20:03:29.738920,2021-01-21 20:03:29.739024,1,1,1,
300,401800-11001066,VÁLVULA MARIPOSA HIGH PERFORMANCE S40,316/17-4,12621,"0,46",2021-01-21 20:03:29.738920,2021-01-21 20:03:29.739024,1,1,1,
301,401800-11001466,VÁLVULA MARIPOSA HIGH PERFORMANCE S40,316/17-4,6653,"0,46",2021-01-21 20:03:29.738920,2021-01-21 20:03:29.739024,1,1,1,
302,402000-11001066,VÁLVULA MARIPOSA HIGH PERFORMANCE S40,316/17-4,15969,"0,46",2021-01-21 20:03:29.738920,2021-01-21 20:03:29.739024,1,1,1,
303,402000-11001466,VÁLVULA MARIPOSA HIGH PERFORMANCE S40,316/17-4,8574,"0,46",2021-01-21 20:03:29.738920,2021-01-21 20:03:29.739024,1,1,1,
304,402400-11001066,VÁLVULA MARIPOSA HIGH PERFORMANCE S40,316/17-4,21768,"0,46",2021-01-21 20:03:29.738920,2021-01-21 20:03:29.739024,1,1,1,
305,402400-11001466,VÁLVULA MARIPOSA HIGH PERFORMANCE S40,316/17-4,11860,"0,46",2021-01-21 20:03:29.738920,2021-01-21 20:03:29.739024,1,1,1,
306,410250-11001066,VÁLVULA MARIPOSA HIGH PERFORMANCE S41,316/17-4,565,"0,46",2021-01-21 20:03:29.738920,2021-01-21 20:03:29.739024,1,1,1,
307,410250-11001466,VÁLVULA MARIPOSA HIGH PERFORMANCE S41,316/17-4,372,"0,46",2021-01-21 20:03:29.738920,2021-01-21 20:03:29.739024,1,1,1,
308,410250-BFA10069,VÁLVULA MARIPOSA HIGH PERFORMANCE S41,316/316,595,"0,46",2021-01-21 20:03:29.738920,2021-01-21 20:03:29.739024,1,1,1,
309,410300-11001066,VÁLVULA MARIPOSA HIGH PERFORMANCE S41,316/17-4,616,"0,46",2021-01-21 20:03:29.738920,2021-01-21 20:03:29.739024,1,1,1,
310,410300-11001466,VÁLVULA MARIPOSA HIGH PERFORMANCE S41,316/17-4,395,"0,46",2021-01-21 20:03:29.738920,2021-01-21 20:03:29.739024,1,1,1,
311,410300-BFA10069,VÁLVULA MARIPOSA HIGH PERFORMANCE S41,316/316,642,"0,46",2021-01-21 20:03:29.738920,2021-01-21 20:03:29.739024,1,1,1,
312,410400-11001066,VÁLVULA MARIPOSA HIGH PERFORMANCE S41,316/17-4,910,"0,46",2021-01-21 20:03:29.738920,2021-01-21 20:03:29.739024,1,1,1,
313,410400-11001466,VÁLVULA MARIPOSA HIGH PERFORMANCE S41,316/17-4,480,"0,46",2021-01-21 20:03:29.738920,2021-01-21 20:03:29.739024,1,1,1,
314,410400-BFA10069,VÁLVULA MARIPOSA HIGH PERFORMANCE S41,316/316,932,"0,46",2021-01-21 20:03:29.738920,2021-01-21 20:03:29.739024,1,1,1,
315,410500-11001066,VÁLVULA MARIPOSA HIGH PERFORMANCE S41,316/17-4,1111,"0,46",2021-01-21 20:03:29.738920,2021-01-21 20:03:29.739024,1,1,1,
316,410500-11001466,VÁLVULA MARIPOSA HIGH PERFORMANCE S41,316/17-4,636,"0,46",2021-01-21 20:03:29.738920,2021-01-21 20:03:29.739024,1,1,1,
317,410600-11001066,VÁLVULA MARIPOSA HIGH PERFORMANCE S41,316/17-4,1324,"0,46",2021-01-21 20:03:29.738920,2021-01-21 20:03:29.739024,1,1,1,
318,410600-11001466,VÁLVULA MARIPOSA HIGH PERFORMANCE S41,316/17-4,729,"0,46",2021-01-21 20:03:29.738920,2021-01-21 20:03:29.739024,1,1,1,
319,410600-BFA10069,VÁLVULA MARIPOSA HIGH PERFORMANCE S41,316/316,1358,"0,46",2021-01-21 20:03:29.738920,2021-01-21 20:03:29.739024,1,1,1,
320,410800-11001066,VÁLVULA MARIPOSA HIGH PERFORMANCE S41,316/17-4,1825,"0,46",2021-01-21 20:03:29.738920,2021-01-21 20:03:29.739024,1,1,1,
321,410800-11001466,VÁLVULA MARIPOSA HIGH PERFORMANCE S41,316/17-4,990,"0,46",2021-01-21 20:03:29.738920,2021-01-21 20:03:29.739024,1,1,1,
322,410800-BFC10069,VÁLVULA MARIPOSA HIGH PERFORMANCE S41,316/316,2027,"0,46",2021-01-21 20:03:29.738920,2021-01-21 20:03:29.739024,1,1,1,
323,411000-11001066,VÁLVULA MARIPOSA HIGH PERFORMANCE S41,316/17-4,3025,"0,46",2021-01-21 20:03:29.738920,2021-01-21 20:03:29.739024,1,1,1,
324,411000-11001466,VÁLVULA MARIPOSA HIGH PERFORMANCE S41,316/17-4,1609,"0,46",2021-01-21 20:03:29.738920,2021-01-21 20:03:29.739024,1,1,1,
325,411000-BFC10069,VÁLVULA MARIPOSA HIGH PERFORMANCE S41,316/316,3239,"0,46",2021-01-21 20:03:29.738920,2021-01-21 20:03:29.739024,1,1,1,
326,411200-11001066,VÁLVULA MARIPOSA HIGH PERFORMANCE S41,316/17-4,4200,"0,46",2021-01-21 20:03:29.738920,2021-01-21 20:03:29.739024,1,1,1,
327,411200-11001466,VÁLVULA MARIPOSA HIGH PERFORMANCE S41,316/17-4,2192,"0,46",2021-01-21 20:03:29.738920,2021-01-21 20:03:29.739024,1,1,1,
328,411200-BFC10069,VÁLVULA MARIPOSA HIGH PERFORMANCE S41,316/316,4459,"0,46",2021-01-21 20:03:29.738920,2021-01-21 20:03:29.739024,1,1,1,
329,411400-11001066,VÁLVULA MARIPOSA HIGH PERFORMANCE S41,316/17-4,6681,"0,46",2021-01-21 20:03:29.738920,2021-01-21 20:03:29.739024,1,1,1,
330,411400-11001466,VÁLVULA MARIPOSA HIGH PERFORMANCE S41,316/17-4,3708,"0,46",2021-01-21 20:03:29.738920,2021-01-21 20:03:29.739024,1,1,1,
331,411400-BFC10069,VÁLVULA MARIPOSA HIGH PERFORMANCE S41,316/316,7115,"0,46",2021-01-21 20:03:29.738920,2021-01-21 20:03:29.739024,1,1,1,
332,411600-11001066,VÁLVULA MARIPOSA HIGH PERFORMANCE S41,316/17-4,9597,"0,46",2021-01-21 20:03:29.738920,2021-01-21 20:03:29.739024,1,1,1,
333,411600-11001466,VÁLVULA MARIPOSA HIGH PERFORMANCE S41,316/17-4,5203,"0,46",2021-01-21 20:03:29.738920,2021-01-21 20:03:29.739024,1,1,1,
334,411600-BFC10069,VÁLVULA MARIPOSA HIGH PERFORMANCE S41,316/316,10115,"0,46",2021-01-21 20:03:29.738920,2021-01-21 20:03:29.739024,1,1,1,
335,411800-11001066,VÁLVULA MARIPOSA HIGH PERFORMANCE S41,316/17-4,12342,"0,46",2021-01-21 20:03:29.738920,2021-01-21 20:03:29.739024,1,1,1,
336,411800-11001466,VÁLVULA MARIPOSA HIGH PERFORMANCE S41,316/17-4,6871,"0,46",2021-01-21 20:03:29.738920,2021-01-21 20:03:29.739024,1,1,1,
337,411800-BFC10069,VÁLVULA MARIPOSA HIGH PERFORMANCE S41,316/316,12830,"0,46",2021-01-21 20:03:29.738920,2021-01-21 20:03:29.739024,1,1,1,
338,412000-11001066,VÁLVULA MARIPOSA HIGH PERFORMANCE S41,316/17-4,16236,"0,46",2021-01-21 20:03:29.738920,2021-01-21 20:03:29.739024,1,1,1,
339,412000-11001466,VÁLVULA MARIPOSA HIGH PERFORMANCE S41,316/17-4,8818,"0,46",2021-01-21 20:03:29.738920,2021-01-21 20:03:29.739024,1,1,1,
340,412000-BFC10069,VÁLVULA MARIPOSA HIGH PERFORMANCE S41,316/316,18527,"0,46",2021-01-21 20:03:29.738920,2021-01-21 20:03:29.739024,1,1,1,
341,412400-11001066,VÁLVULA MARIPOSA HIGH PERFORMANCE S41,316/17-4,23008,"0,46",2021-01-21 20:03:29.738920,2021-01-21 20:03:29.739024,1,1,1,
342,412400-11001466,VÁLVULA MARIPOSA HIGH PERFORMANCE S41,316/17-4,12317,"0,46",2021-01-21 20:03:29.738920,2021-01-21 20:03:29.739024,1,1,1,
343,412400-BFC10069,VÁLVULA MARIPOSA HIGH PERFORMANCE S41,316/316,25132,"0,46",2021-01-21 20:03:29.738920,2021-01-21 20:03:29.739024,1,1,1,
344,430250-11001466,VÁLVULA MARIPOSA HIGH PERFORMANCE S43,316/17-4,416,"0,46",2021-01-21 20:03:29.738920,2021-01-21 20:03:29.739024,1,1,1,
345,430300-11001466,VÁLVULA MARIPOSA HIGH PERFORMANCE S43,316/17-4,474,"0,46",2021-01-21 20:03:29.738920,2021-01-21 20:03:29.739024,1,1,1,
346,430400-11001066,VÁLVULA MARIPOSA HIGH PERFORMANCE S43,316/17-4,1070,"0,46",2021-01-21 20:03:29.738920,2021-01-21 20:03:29.739024,1,1,1,
347,430400-11001466,VÁLVULA MARIPOSA HIGH PERFORMANCE S43,316/17-4,587,"0,46",2021-01-21 20:03:29.738920,2021-01-21 20:03:29.739024,1,1,1,
348,430500-11001066,VÁLVULA MARIPOSA HIGH PERFORMANCE S43,316/17-4,1329,"0,46",2021-01-21 20:03:29.738920,2021-01-21 20:03:29.739024,1,1,1,
349,430500-11001466,VÁLVULA MARIPOSA HIGH PERFORMANCE S43,316/17-4,755,"0,46",2021-01-21 20:03:29.738920,2021-01-21 20:03:29.739024,1,1,1,
350,430600-11001066,VÁLVULA MARIPOSA HIGH PERFORMANCE S43,316/17-4,1749,"0,46",2021-01-21 20:03:29.738920,2021-01-21 20:03:29.739024,1,1,1,
351,430600-11001466,VÁLVULA MARIPOSA HIGH PERFORMANCE S43,316/17-4,1032,"0,46",2021-01-21 20:03:29.738920,2021-01-21 20:03:29.739024,1,1,1,
352,430800-11001066,VÁLVULA MARIPOSA HIGH PERFORMANCE S43,316/17-4,2835,"0,46",2021-01-21 20:03:29.738920,2021-01-21 20:03:29.739024,1,1,1,
353,430800-11001466,VÁLVULA MARIPOSA HIGH PERFORMANCE S43,316/17-4,1588,"0,46",2021-01-21 20:03:29.738920,2021-01-21 20:03:29.739024,1,1,1,
354,431000-11001466,VÁLVULA MARIPOSA HIGH PERFORMANCE S43,316/17-4,2466,"0,46",2021-01-21 20:03:29.738920,2021-01-21 20:03:29.739024,1,1,1,
355,431000-BFC10066,VÁLVULA MARIPOSA HIGH PERFORMANCE S43,316/17-4,4743,"0,46",2021-01-21 20:03:29.738920,2021-01-21 20:03:29.739024,1,1,1,
356,431200-11001466,VÁLVULA MARIPOSA HIGH PERFORMANCE S43,316/17-4,3576,"0,46",2021-01-21 20:03:29.738920,2021-01-21 20:03:29.739024,1,1,1,
357,431400-11001466,VÁLVULA MARIPOSA HIGH PERFORMANCE S43,316/17-4,6011,"0,46",2021-01-21 20:03:29.738920,2021-01-21 20:03:29.739024,1,1,1,
358,431600-11001066,VÁLVULA MARIPOSA HIGH PERFORMANCE S43,316/17-4,17134,"0,46",2021-01-21 20:03:29.738920,2021-01-21 20:03:29.739024,1,1,1,
359,431600-11001466,VÁLVULA MARIPOSA HIGH PERFORMANCE S43,316/17-4,8972,"0,46",2021-01-21 20:03:29.738920,2021-01-21 20:03:29.739024,1,1,1,
360,431800-11001466,VÁLVULA MARIPOSA HIGH PERFORMANCE S43,316/17-4,10411,"0,46",2021-01-21 20:03:29.738920,2021-01-21 20:03:29.739024,1,1,1,
361,432000-11001466,VÁLVULA MARIPOSA HIGH PERFORMANCE S43,316/17-4,12991,"0,46",2021-01-21 20:03:29.738920,2021-01-21 20:03:29.739024,1,1,1,
362,432400-11001466,VÁLVULA MARIPOSA HIGH PERFORMANCE S43,316/17-4,20759,"0,46",2021-01-21 20:03:29.738920,2021-01-21 20:03:29.739024,1,1,1,
363,551000-74603533,FILTRO DE AIRE,,132,"0,46",2021-01-21 20:03:29.738920,2021-01-21 20:03:29.739024,1,1,1,
364,5A0005-126A2536,INDICADOR LIMIT SWITCH,Incluye kit de montaje 5B0000-22651534,159,"0,46",2021-01-21 20:03:29.738920,2021-01-21 20:03:29.739024,1,1,1,
365,630250-21401536,VÁLVULA SOLENOIDE S63,,215,"0,46",2021-01-21 20:03:29.738920,2021-01-21 20:03:29.739024,1,1,1,
366,630250-21410536,VÁLVULA SOLENOIDE S63,,217,"0,46",2021-01-21 20:03:29.738920,2021-01-21 20:03:29.739024,1,1,1,
367,630250-21430536,VÁLVULA SOLENOIDE S63,,217,"0,46",2021-01-21 20:03:29.738920,2021-01-21 20:03:29.739024,1,1,1,
368,700000-22941536,TARJETA SERVOPRO 110V,,682,"0,46",2021-01-21 20:03:29.738920,2021-01-21 20:03:29.739024,1,1,1,
369,700000-22942536,TARJETA SERVOPRO 110V,,498,"0,46",2021-01-21 20:03:29.738920,2021-01-21 20:03:29.739024,1,1,1,
370,700061-113DA536/F,ACTUADOR ELÉCTRICO S70,600,924,"0,46",2021-01-21 20:03:29.738920,2021-01-21 20:03:29.739024,1,1,1,
371,700061-113DB536/F,ACTUADOR ELÉCTRICO S70,600,924,"0,46",2021-01-21 20:03:29.738920,2021-01-21 20:03:29.739024,1,1,1,
372,700201-113DA536/F,ACTUADOR ELÉCTRICO S70,2000,1052,"0,46",2021-01-21 20:03:29.738920,2021-01-21 20:03:29.739024,1,1,1,
373,700201-113DB536/F,ACTUADOR ELÉCTRICO S70,2000,1052,"0,46",2021-01-21 20:03:29.738920,2021-01-21 20:03:29.739024,1,1,1,
374,700651-113DA536/F,ACTUADOR ELÉCTRICO S70,6500,1832,"0,46",2021-01-21 20:03:29.738920,2021-01-21 20:03:29.739024,1,1,1,
375,700651-113DB536/F,ACTUADOR ELÉCTRICO S70,6500,1832,"0,46",2021-01-21 20:03:29.738920,2021-01-21 20:03:29.739024,1,1,1,
376,920480-11300532,ACTUADOR NEUMÁTICO S92/93,,139,"0,46",2021-01-21 20:03:29.738920,2021-01-21 20:03:29.739024,1,1,1,
377,920630-11300532,ACTUADOR NEUMÁTICO S92/93,,139,"0,46",2021-01-21 20:03:29.738920,2021-01-21 20:03:29.739024,1,1,1,
378,920830-11300532,ACTUADOR NEUMÁTICO S92/93,,193,"0,46",2021-01-21 20:03:29.738920,2021-01-21 20:03:29.739024,1,1,1,
379,920930-11300532,ACTUADOR NEUMÁTICO S92/93,,234,"0,46",2021-01-21 20:03:29.738920,2021-01-21 20:03:29.739024,1,1,1,
380,921190-11300532,ACTUADOR NEUMÁTICO S92/93,,342,"0,46",2021-01-21 20:03:29.738920,2021-01-21 20:03:29.739024,1,1,1,
381,921280-11300532,ACTUADOR NEUMÁTICO S92/93,,388,"0,46",2021-01-21 20:03:29.738920,2021-01-21 20:03:29.739024,1,1,1,
382,921600-11300532,ACTUADOR NEUMÁTICO S92/93,,581,"0,46",2021-01-21 20:03:29.738920,2021-01-21 20:03:29.739024,1,1,1,
383,922100-11300532,ACTUADOR NEUMÁTICO S92/93,,1218,"0,46",2021-01-21 20:03:29.738920,2021-01-21 20:03:29.739024,1,1,1,
384,922550-11351532,ACTUADOR NEUMÁTICO S92/93,,2872,"0,46",2021-01-21 20:03:29.738920,2021-01-21 20:03:29.739024,1,1,1,
385,930630-21931536,RESORTES,,9,"0,46",2021-01-21 20:03:29.738920,2021-01-21 20:03:29.739024,1,1,1,
386,930830-21931536,RESORTES,,11,"0,46",2021-01-21 20:03:29.738920,2021-01-21 20:03:29.739024,1,1,1,
387,930920-21931536,RESORTES,,12,"0,46",2021-01-21 20:03:29.738920,2021-01-21 20:03:29.739024,1,1,1,
388,931180-21931536,RESORTES,,18,"0,46",2021-01-21 20:03:29.738920,2021-01-21 20:03:29.739024,1,1,1,
389,931270-21931536,RESORTES,,21,"0,46",2021-01-21 20:03:29.738920,2021-01-21 20:03:29.739024,1,1,1,
390,931600-21931536,RESORTES,,28,"0,46",2021-01-21 20:03:29.738920,2021-01-21 20:03:29.739024,1,1,1,
391,932100-21931536,RESORTES,,63,"0,46",2021-01-21 20:03:29.738920,2021-01-21 20:03:29.739024,1,1,1,
392,932550-21931536,RESORTES,,123,"0,46",2021-01-21 20:03:29.738920,2021-01-21 20:03:29.739024,1,1,1,
393,9FVC0212CVZ,VÁLVULA DE RETENCIÓN S210,S210 / cast Iron A 126 ,128,"0,46",2021-01-21 20:03:29.738920,2021-01-21 20:03:29.739024,4,1,1,
394,9FVC0215DVZ-205,VÁLVULA DE RETENCIÓN S205,S205 / DI,411,"0,46",2021-01-21 20:03:29.738920,2021-01-21 20:03:29.739024,4,1,1,
395,9FVC0215SVZ,VÁLVULA DE RETENCIÓN S210,S210 / A216,238,"0,46",2021-01-21 20:03:29.738920,2021-01-21 20:03:29.739024,4,1,1,
396,9FVC0215XMZ,VÁLVULA DE RETENCIÓN S210,316,345,"0,46",2021-01-21 20:03:29.738920,2021-01-21 20:03:29.739024,4,1,1,
397,9FVC0215XVZ-205,VÁLVULA DE RETENCIÓN S205,S205 / SS316,372,"0,46",2021-01-21 20:03:29.738920,2021-01-21 20:03:29.739024,4,1,1,
398,9FVC02512CVZ,VÁLVULA DE RETENCIÓN S210,S210 / cast Iron A 126 ,150,"0,46",2021-01-21 20:03:29.738920,2021-01-21 20:03:29.739024,4,1,1,
399,9FVC02515DVZ-205,VÁLVULA DE RETENCIÓN S205,S205 / DI,470,"0,46",2021-01-21 20:03:29.738920,2021-01-21 20:03:29.739024,4,1,1,
400,9FVC02515SVZ,VÁLVULA DE RETENCIÓN S210,S210 / A216,279,"0,46",2021-01-21 20:03:29.738920,2021-01-21 20:03:29.739024,4,1,1,
401,9FVC02515XMZ,VÁLVULA DE RETENCIÓN S210,316,442,"0,46",2021-01-21 20:03:29.738920,2021-01-21 20:03:29.739024,4,1,1,
402,9FVC02515XVZ-205,VÁLVULA DE RETENCIÓN S205,S205 / SS316,930,"0,46",2021-01-21 20:03:29.738920,2021-01-21 20:03:29.739024,4,1,1,
403,9FVC0312CVZ,VÁLVULA DE RETENCIÓN S210,S210 / cast Iron A 126 ,183,"0,46",2021-01-21 20:03:29.738920,2021-01-21 20:03:29.739024,4,1,1,
404,9FVC0315DVZ-205,VÁLVULA DE RETENCIÓN S205,S205 / DI,552,"0,46",2021-01-21 20:03:29.738920,2021-01-21 20:03:29.739024,4,1,1,
405,9FVC0315SVZ,VÁLVULA DE RETENCIÓN S210,S210 / A216,345,"0,46",2021-01-21 20:03:29.738920,2021-01-21 20:03:29.739024,4,1,1,
406,9FVC0315XMZ,VÁLVULA DE RETENCIÓN S210,316,457,"0,46",2021-01-21 20:03:29.738920,2021-01-21 20:03:29.739024,4,1,1,
407,9FVC0315XVZ-205,VÁLVULA DE RETENCIÓN S205,S205 / SS316,997,"0,46",2021-01-21 20:03:29.738920,2021-01-21 20:03:29.739024,4,1,1,
408,9FVC0412CVZ,VÁLVULA DE RETENCIÓN S210,S210 / cast Iron A 126 ,212,"0,46",2021-01-21 20:03:29.738920,2021-01-21 20:03:29.739024,4,1,1,
409,9FVC0415DVZ-205,VÁLVULA DE RETENCIÓN S205,S205 / DI,655,"0,46",2021-01-21 20:03:29.738920,2021-01-21 20:03:29.739024,4,1,1,
410,9FVC0415SVZ,VÁLVULA DE RETENCIÓN S210,S210 / A216,412,"0,46",2021-01-21 20:03:29.738920,2021-01-21 20:03:29.739024,4,1,1,
411,9FVC0415XMZ,VÁLVULA DE RETENCIÓN S210,316,561,"0,46",2021-01-21 20:03:29.738920,2021-01-21 20:03:29.739024,4,1,1,
412,9FVC0415XVZ-205,VÁLVULA DE RETENCIÓN S205,S205 / SS316,1192,"0,46",2021-01-21 20:03:29.738920,2021-01-21 20:03:29.739024,4,1,1,
413,9FVC0512CVZ,VÁLVULA DE RETENCIÓN S210,S210 / cast Iron A 126 ,277,"0,46",2021-01-21 20:03:29.738920,2021-01-21 20:03:29.739024,4,1,1,
414,9FVC0515DVZ-205,VÁLVULA DE RETENCIÓN S205,S205 / DI,883,"0,46",2021-01-21 20:03:29.738920,2021-01-21 20:03:29.739024,4,1,1,
415,9FVC0515SVZ,VÁLVULA DE RETENCIÓN S210,S210 / A216,519,"0,46",2021-01-21 20:03:29.738920,2021-01-21 20:03:29.739024,4,1,1,
416,9FVC0515XVZ-205,VÁLVULA DE RETENCIÓN S205,S205 / SS316,1641,"0,46",2021-01-21 20:03:29.738920,2021-01-21 20:03:29.739024,4,1,1,
417,9FVC0612CVZ,VÁLVULA DE RETENCIÓN S210,S210 / cast Iron A 126 ,320,"0,46",2021-01-21 20:03:29.738920,2021-01-21 20:03:29.739024,4,1,1,
418,9FVC0615DVZ-205,VÁLVULA DE RETENCIÓN S205,S205 / DI,985,"0,46",2021-01-21 20:03:29.738920,2021-01-21 20:03:29.739024,4,1,1,
419,9FVC0615SVZ,VÁLVULA DE RETENCIÓN S210,S210 / A216,605,"0,46",2021-01-21 20:03:29.738920,2021-01-21 20:03:29.739024,4,1,1,
420,9FVC0615XMZ,VÁLVULA DE RETENCIÓN S210,316,1088,"0,46",2021-01-21 20:03:29.738920,2021-01-21 20:03:29.739024,4,1,1,
421,9FVC0615XVZ-205,VÁLVULA DE RETENCIÓN S205,S205 / SS316,1918,"0,46",2021-01-21 20:03:29.738920,2021-01-21 20:03:29.739024,4,1,1,
422,9FVC0812CVZ,VÁLVULA DE RETENCIÓN S210,S210 / cast Iron A 126 ,501,"0,46",2021-01-21 20:03:29.738920,2021-01-21 20:03:29.739024,4,1,1,
423,9FVC0815DVZ-205,VÁLVULA DE RETENCIÓN S205,S205 / DI,1533,"0,46",2021-01-21 20:03:29.738920,2021-01-21 20:03:29.739024,4,1,1,
424,9FVC0815SVZ,VÁLVULA DE RETENCIÓN S210,S210 / A216,880,"0,46",2021-01-21 20:03:29.738920,2021-01-21 20:03:29.739024,4,1,1,
425,9FVC0815XMZ,VÁLVULA DE RETENCIÓN S210,316,1403,"0,46",2021-01-21 20:03:29.738920,2021-01-21 20:03:29.739024,4,1,1,
426,9FVC0815XVZ-205,VÁLVULA DE RETENCIÓN S205,S205 / SS316,3357,"0,46",2021-01-21 20:03:29.738920,2021-01-21 20:03:29.739024,4,1,1,
427,9FVC1012CVZ,VÁLVULA DE RETENCIÓN S210,S210 / cast Iron A 126 ,727,"0,46",2021-01-21 20:03:29.738920,2021-01-21 20:03:29.739024,4,1,1,
428,9FVC1015DVZ-205,VÁLVULA DE RETENCIÓN S205,S205 / DI,2125,"0,46",2021-01-21 20:03:29.738920,2021-01-21 20:03:29.739024,4,1,1,
429,9FVC1015SVZ,VÁLVULA DE RETENCIÓN S210,S210 / A216,1233,"0,46",2021-01-21 20:03:29.738920,2021-01-21 20:03:29.739024,4,1,1,
430,9FVC1015XMZ,VÁLVULA DE RETENCIÓN S210,316,2175,"0,46",2021-01-21 20:03:29.738920,2021-01-21 20:03:29.739024,4,1,1,
431,9FVC1015XVZ-205,VÁLVULA DE RETENCIÓN S205,S205 / SS316,4696,"0,46",2021-01-21 20:03:29.738920,2021-01-21 20:03:29.739024,4,1,1,
432,9FVC1212CVZ,VÁLVULA DE RETENCIÓN S210,S210 / cast Iron A 126 ,1068,"0,46",2021-01-21 20:03:29.738920,2021-01-21 20:03:29.739024,4,1,1,
433,9FVC1215DVZ-205,VÁLVULA DE RETENCIÓN S205,S205 / DI,3393,"0,46",2021-01-21 20:03:29.738920,2021-01-21 20:03:29.739024,4,1,1,
434,9FVC1215SVZ,VÁLVULA DE RETENCIÓN S210,S210 / A216,1862,"0,46",2021-01-21 20:03:29.738920,2021-01-21 20:03:29.739024,4,1,1,
435,9FVC1215XMZ,VÁLVULA DE RETENCIÓN S210,316,3655,"0,46",2021-01-21 20:03:29.738920,2021-01-21 20:03:29.739024,4,1,1,
436,9FVC1215XVZ-205,VÁLVULA DE RETENCIÓN S205,S205 / SS316,10035,"0,46",2021-01-21 20:03:29.738920,2021-01-21 20:03:29.739024,4,1,1,
437,"Cilindro tipo CLP -10-ISO     2""",ACTUADOR NEUMÁTICO P/VÁLV. GUILLOTINA,Aluminio ,613,"0,46",2021-01-21 20:03:29.738920,2021-01-21 20:03:29.739024,3,1,1,
438,"Cilindro tipo CLP -10-ISO     3""",ACTUADOR NEUMÁTICO P/VÁLV. GUILLOTINA,FE Fdo / Fibra de Vidrio ,744,"0,46",2021-01-21 20:03:29.738920,2021-01-21 20:03:29.739024,3,1,1,
439,"Cilindro tipo CLP -10-ISO     4""",ACTUADOR NEUMÁTICO P/VÁLV. GUILLOTINA,FE Fdo / Fibra de Vidrio ,951,"0,46",2021-01-21 20:03:29.738920,2021-01-21 20:03:29.739024,3,1,1,
440,"Cilindro tipo CLP -10-ISO    10""",ACTUADOR NEUMÁTICO P/VÁLV. GUILLOTINA,FE Fdo / Fibra de Vidrio ,2358,"0,46",2021-01-21 20:03:29.738920,2021-01-21 20:03:29.739024,3,1,1,
441,"Cilindro tipo CLP -10-ISO    6""",ACTUADOR NEUMÁTICO P/VÁLV. GUILLOTINA,FE Fdo / Fibra de Vidrio ,1369,"0,46",2021-01-21 20:03:29.738920,2021-01-21 20:03:29.739024,3,1,1,
442,"Cilindro tipo CLP -10-ISO    8""",ACTUADOR NEUMÁTICO P/VÁLV. GUILLOTINA,FE Fdo / Fibra de Vidrio ,1917,"0,46",2021-01-21 20:03:29.738920,2021-01-21 20:03:29.739024,3,1,1,
443,EZ-002D-3C,KIT DE MONTAJE P/VÁLVULA DE BOLA," KIT Ftek 1/2 - 3/4"" S92 63",31,"0,46",2021-01-21 20:03:29.738920,2021-01-21 20:03:29.739024,2,1,1,
444,EZ-003D-3C,KIT DE MONTAJE P/VÁLVULA DE BOLA," KIT Ftek 1/2"" - 3/4"" S92 83,93",30,"0,46",2021-01-21 20:03:29.738920,2021-01-21 20:03:29.739024,2,1,1,
445,EZ-004D-3C,KIT DE MONTAJE P/VÁLVULA DE BOLA," KIT Ftek 1 1/2"" - 2"" S92 63",43,"0,46",2021-01-21 20:03:29.738920,2021-01-21 20:03:29.739024,2,1,1,
446,EZ-005D-3C,KIT DE MONTAJE P/VÁLVULA DE BOLA," KIT Ftek  1 1/2"" - 2"" S92 83-93",48,"0,46",2021-01-21 20:03:29.738920,2021-01-21 20:03:29.739024,2,1,1,
447,EZ-008D-3C,KIT DE MONTAJE P/VÁLVULA DE BOLA," KIT Ftek 1""  S92 63",29,"0,46",2021-01-21 20:03:29.738920,2021-01-21 20:03:29.739024,2,1,1,
448,EZ-009D-3C,KIT DE MONTAJE P/VÁLVULA DE BOLA," KIT Ftek 1"" S92 83-93",30,"0,46",2021-01-21 20:03:29.738920,2021-01-21 20:03:29.739024,2,1,1,
449,EZ-010D-3C,KIT DE MONTAJE P/VÁLVULA DE BOLA,"KIT Ftek  1 1/2""-  2"" S92/119/128",49,"0,46",2021-01-21 20:03:29.738920,2021-01-21 20:03:29.739024,2,1,1,
450,EZ-011D-3,KIT DE MONTAJE P/VÁLVULA DE BOLA," KIT Ftek 21/2"" -3"" S92/83-93",140,"0,46",2021-01-21 20:03:29.738920,2021-01-21 20:03:29.739024,2,1,1,
451,EZ-012D-3,KIT DE MONTAJE P/VÁLVULA DE BOLA,"KIT Ftek  21/2-4 ""S92/119-128-160",154,"0,46",2021-01-21 20:03:29.738920,2021-01-21 20:03:29.739024,2,1,1,
452,EZ-015D-3,KIT DE MONTAJE P/VÁLVULA DE BOLA,"KIT Ftek  6""-8"" ""S92/160-210",233,"0,46",2021-01-21 20:03:29.738920,2021-01-21 20:03:29.739024,2,1,1,
453,EZ-201D,KIT DE MONTAJE S19,"1""  - 1 1/2"" ",72,"0,46",2021-01-21 20:03:29.738920,2021-01-21 20:03:29.739024,2,1,1,
454,EZ-204D,KIT DE MONTAJE S19,"2"" ",95,"0,46",2021-01-21 20:03:29.738920,2021-01-21 20:03:29.739024,2,1,1,
455,EZ-206D,KIT DE MONTAJE S19,"3"" -4"" ",112,"0,46",2021-01-21 20:03:29.738920,2021-01-21 20:03:29.739024,2,1,1,
456,EZ-207D,KIT DE MONTAJE S19,"6""",131,"0,46",2021-01-21 20:03:29.738920,2021-01-21 20:03:29.739024,2,1,1,
457,EZ-209D,KIT DE MONTAJE S19,"8""-10""",115,"0,46",2021-01-21 20:03:29.738920,2021-01-21 20:03:29.739024,2,1,1,
458,Kit de 2 sensores inductivos ,KIT SENSORES INDUCTIVOS,,152,"0,46",2021-01-21 20:03:29.738920,2021-01-21 20:03:29.739024,3,1,1,
459,"Sistema de Bloqueo para   10""",SISTEMA DE BLOQUEO,"Sistema de Bloqueo para   10""",147,"0,46",2021-01-21 20:03:29.738920,2021-01-21 20:03:29.739024,3,1,1,
460,"Sistema de Bloqueo para   2""",SISTEMA DE BLOQUEO,"Sistema de Bloqueo para   2""",132,"0,46",2021-01-21 20:03:29.738920,2021-01-21 20:03:29.739024,3,1,1,
461,"Sistema de Bloqueo para   3""",SISTEMA DE BLOQUEO,"Sistema de Bloqueo para   3""",132,"0,46",2021-01-21 20:03:29.738920,2021-01-21 20:03:29.739024,3,1,1,
462,"Sistema de Bloqueo para   4""",SISTEMA DE BLOQUEO,"Sistema de Bloqueo para   4""",132,"0,46",2021-01-21 20:03:29.738920,2021-01-21 20:03:29.739024,3,1,1,
463,"Sistema de Bloqueo para   6""",SISTEMA DE BLOQUEO,"Sistema de Bloqueo para   6""",132,"0,46",2021-01-21 20:03:29.738920,2021-01-21 20:03:29.739024,3,1,1,
464,"Sistema de Bloqueo para   8""",SISTEMA DE BLOQUEO,"Sistema de Bloqueo para   8""",147,"0,46",2021-01-21 20:03:29.738920,2021-01-21 20:03:29.739024,3,1,1,
465,SLEEVE ADAPTER A2,SLEEVE ADAPTER A2,SLEEVE ADAPTER A2 (A1 + C1),30,"0,46",2021-01-21 20:03:29.738920,2021-01-21 20:03:29.739024,1,1,1,
466,SLEEVE ADAPTER D3,SLEEVE ADAPTER D3,SLEEVE ADAPTER D3 (D1 + E2),,"0,46",2021-01-21 20:03:29.738920,2021-01-21 20:03:29.739024,1,1,1,
