id,email,phone,mobile,category_id,address,city,country,creation_date,edit_date,creator_id,editor_id,id_number,name
1,,+1 224-667-6100,,1,,North Chicago,Chile,2021-01-21 20:20:31.431839,2021-01-21 20:20:31.431988,1,1,,Abastible
2,,,,1,,Santiago,Chile,2021-01-21 20:20:31.431839,2021-01-21 20:20:31.431988,1,1,,Abbott
3,,,,1,,,Chile,2021-01-21 20:20:31.431839,2021-01-21 20:20:31.431988,1,1,,Abengoa
4,,+56 2 2269 6681,,1,,,Chile,2021-01-21 20:20:31.431839,2021-01-21 20:20:31.431988,1,1,,Acciona
5,,+1 319-395-7751,,1,,Arlington,Chile,2021-01-21 20:20:31.431839,2021-01-21 20:20:31.431988,1,1,,Acuasud
6,,,,1,,,Chile,2021-01-21 20:20:31.431839,2021-01-21 20:20:31.431988,1,1,,AES Gener
7,,,,1,,,Chile,2021-01-21 20:20:31.431839,2021-01-21 20:20:31.431988,1,1,,Agrosuper
8,,+56 2 2582 7441,,1,,,Chile,2021-01-21 20:20:31.431839,2021-01-21 20:20:31.431988,1,1,,Aguaquim
9,,+56 224273000,,1,,Las Condes,Chile,2021-01-21 20:20:31.431839,2021-01-21 20:20:31.431988,1,1,,Aguas Alemanas
10,,+56 224273000,,1,,Las Condes,Chile,2021-01-21 20:20:31.431839,2021-01-21 20:20:31.431988,1,1,,Aguas CCU Nestlé - Casablanca
12,,56 52 220 3200,,1,,Copiapó,Chile,2021-01-21 20:20:31.431839,2021-01-21 20:20:31.431988,1,1,,Aguas CCU Nestlé - Coinco
13,,,,1,,Las Condes,Chile,2021-01-21 20:20:31.431839,2021-01-21 20:20:31.431988,1,1,,Aguas Chañar S.A.
14,,,,1,,Las Condes,Chile,2021-01-21 20:20:31.431839,2021-01-21 20:20:31.431988,1,1,,Aguas Claras
15,,,,1,,Punta Arenas,Chile,2021-01-21 20:20:31.431839,2021-01-21 20:20:31.431988,1,1,,Aguas del Altiplano
16,,56 22 733 4600,,1,,Santiago,Chile,2021-01-21 20:20:31.431839,2021-01-21 20:20:31.431988,1,1,,Aguas Magallanes
17,,,,1,,,Chile,2021-01-21 20:20:31.431839,2021-01-21 20:20:31.431988,1,1,,Aguas Nuevas
18,,+56 2 2277 5877,,1,,Santiago,Chile,2021-01-21 20:20:31.431839,2021-01-21 20:20:31.431988,1,1,,Aguas Pacífico SpA
19,,,,1,,Santiago,Chile,2021-01-21 20:20:31.431839,2021-01-21 20:20:31.431988,1,1,,Aguas Sipra
20,,+56 2 2270 9500,,1,,Lampa,Chile,2021-01-21 20:20:31.431839,2021-01-21 20:20:31.431988,1,1,,Aguas y Riles
21,,,,1,,Santiago,Chile,2021-01-21 20:20:31.431839,2021-01-21 20:20:31.431988,1,1,,Aguasin
22,,,,1,,Paris,Chile,2021-01-21 20:20:31.431839,2021-01-21 20:20:31.431988,1,1,,AGUSTINAS
23,,,,1,,,Chile,2021-01-21 20:20:31.431839,2021-01-21 20:20:31.431988,1,1,,Air Liquide Chile
24,,,,1,,Pudahuel,Chile,2021-01-21 20:20:31.431839,2021-01-21 20:20:31.431988,1,1,,Aislantes Nacionales
25,,,,1,,Maipu,Chile,2021-01-21 20:20:31.431839,2021-01-21 20:20:31.431988,1,1,,Alcafood
26,,56224826500,,1,,Santiago,Chile,2021-01-21 20:20:31.431839,2021-01-21 20:20:31.431988,1,1,,Alimentos Fruna
27,,551230233365,,1,,Sao Paulo,Chile,2021-01-21 20:20:31.431839,2021-01-21 20:20:31.431988,1,1,,Alimentos Winkler
28,,61392269000,,1,,Hawthorn,Chile,2021-01-21 20:20:31.431839,2021-01-21 20:20:31.431988,1,1,,Ambev
29,,+56 2 2441 1895,,1,,Cerrillos,Chile,2021-01-21 20:20:31.431839,2021-01-21 20:20:31.431988,1,1,,Amcor Limited
30,,,,1,,,Chile,2021-01-21 20:20:31.431839,2021-01-21 20:20:31.431988,1,1,,AMF Etiquetas
31,,+56 2 2274 3221,,1,,,Chile,2021-01-21 20:20:31.431839,2021-01-21 20:20:31.431988,1,1,,antartic.cl
32,,,,1,,Valencia,Chile,2021-01-21 20:20:31.431839,2021-01-21 20:20:31.431988,1,1,,Antilhue
33,,+56 2 2811 0714,,1,,Santiago,Chile,2021-01-21 20:20:31.431839,2021-01-21 20:20:31.431988,1,1,,Aptein
34,,56 32 226 0000,,1,,Valparaiso,Chile,2021-01-21 20:20:31.431839,2021-01-21 20:20:31.431988,1,1,,Aquavant
35,,+56 2 2663 5300,,1,,,Chile,2021-01-21 20:20:31.431839,2021-01-21 20:20:31.431988,1,1,,Astilleros y Maestranzas de la Armada de Chile
36,,,,1,,,Chile,2021-01-21 20:20:31.431839,2021-01-21 20:20:31.431988,1,1,,Austral Chemicals Chile S.A.
37,,,,1,,Quilicura,Chile,2021-01-21 20:20:31.431839,2021-01-21 20:20:31.431988,1,1,,Australis
38,,+1 303-469-5511,,1,,Broomfield,Chile,2021-01-21 20:20:31.431839,2021-01-21 20:20:31.431988,1,1,,B.O. Packaging S.A.
39,,,,1,,Ludwigshafen am Rhein,Chile,2021-01-21 20:20:31.431839,2021-01-21 20:20:31.431988,1,1,,Ball Corporation
40,,,,1,,,Chile,2021-01-21 20:20:31.431839,2021-01-21 20:20:31.431988,1,1,,BASF SE
41,,2035635800,,1,,,Chile,2021-01-21 20:20:31.431839,2021-01-21 20:20:31.431988,1,1,,Bec Ingeniería Y Construcciones
42,,,,1,,,Chile,2021-01-21 20:20:31.431839,2021-01-21 20:20:31.431988,1,1,,Beiersdorf
43,,+1 281-894-5454,,1,,Pudahuel,Chile,2021-01-21 20:20:31.431839,2021-01-21 20:20:31.431988,1,1,,Bravo Energy
44,,+56 224402400,,1,,Mülheim,Chile,2021-01-21 20:20:31.431839,2021-01-21 20:20:31.431988,1,1,,Bray Controls S.A.
45,,+44 20 7845 1000,,1,,London,Chile,2021-01-21 20:20:31.431839,2021-01-21 20:20:31.431988,1,1,,Brenntag AG
46,,,,1,,Ingelfingen,Chile,2021-01-21 20:20:31.431839,2021-01-21 20:20:31.431988,1,1,,British American Tobacco
47,,,,1,,,Chile,2021-01-21 20:20:31.431839,2021-01-21 20:20:31.431988,1,1,,Bürkert Werke GmbH & Co. KG
48,,,,1,,Cerro Navia,Chile,2021-01-21 20:20:31.431839,2021-01-21 20:20:31.431988,1,1,,Calderas Chile Ltda
49,,+56 223776400,,1,,San Bernardo,Chile,2021-01-21 20:20:31.431839,2021-01-21 20:20:31.431988,1,1,,Calderas Industriales SPA
50,,+56 2 2480 6940,,1,,Casablanca,Chile,2021-01-21 20:20:31.431839,2021-01-21 20:20:31.431988,1,1,,Carozzi
51,,+56 2 2381 1828,,1,,Santiago,Chile,2021-01-21 20:20:31.431839,2021-01-21 20:20:31.431988,1,1,,Casas del Bosque
52,,+56 224273000,,1,,Las Condes,Chile,2021-01-21 20:20:31.431839,2021-01-21 20:20:31.431988,1,1,,Castaño
53,,+1 617-452-6000,,1,,Boston,Chile,2021-01-21 20:20:31.431839,2021-01-21 20:20:31.431988,1,1,,CCU S.A.
54,,,,1,,,Chile,2021-01-21 20:20:31.431839,2021-01-21 20:20:31.431988,1,1,,CDM Smith
55,,+56 224273000,,1,,Las Condes,Chile,2021-01-21 20:20:31.431839,2021-01-21 20:20:31.431988,1,1,,Centrohidraulico
56,,,,1,,Santiago,Chile,2021-01-21 20:20:31.431839,2021-01-21 20:20:31.431988,1,1,,Cervecera CCU Chile
57,,,,1,,Santiago,Chile,2021-01-21 20:20:31.431839,2021-01-21 20:20:31.431988,1,1,,Cervecería Chile S.A.
58,,,,1,,Santiago,Chile,2021-01-21 20:20:31.431839,2021-01-21 20:20:31.431988,1,1,,Cerveza Quimera
59,,56 22 487 2000,,1,,Las Condes,Chile,2021-01-21 20:20:31.431839,2021-01-21 20:20:31.431988,1,1,,CIAL Alimentos S.A.
60,,,,1,,Quilicura,Chile,2021-01-21 20:20:31.431839,2021-01-21 20:20:31.431988,1,1,,Claro Vicuña Valenzuela
61,,+1 510-271-7000,,1,,Quilicura,Chile,2021-01-21 20:20:31.431839,2021-01-21 20:20:31.431988,1,1,,Cloramon
62,,+56 2 2426 3614,,1,,San Bernardo,Chile,2021-01-21 20:20:31.431839,2021-01-21 20:20:31.431988,1,1,,Clorox Chile
63,,,,1,,Santiago,Chile,2021-01-21 20:20:31.431839,2021-01-21 20:20:31.431988,1,1,,Coca Cola de Chile
64,,+56 222991400,,1,,Concon,Chile,2021-01-21 20:20:31.431839,2021-01-21 20:20:31.431988,1,1,,Codelpa
65,,+56 224604000,,1,,Las Condes,Chile,2021-01-21 20:20:31.431839,2021-01-21 20:20:31.431988,1,1,,Cola-Cola Embonor
66,,,,1,,Pirque,Chile,2021-01-21 20:20:31.431839,2021-01-21 20:20:31.431988,1,1,,Colbún S.A.
67,,,,1,,Santiago,Chile,2021-01-21 20:20:31.431839,2021-01-21 20:20:31.431988,1,1,,Concha y Toro
68,,+91 2 225188010,,1,,Mumbai,Chile,2021-01-21 20:20:31.431839,2021-01-21 20:20:31.431988,1,1,,COPEC
69,,,,1,,Santiago,Chile,2021-01-21 20:20:31.431839,2021-01-21 20:20:31.431988,1,1,,Cosmética Nacional
70,,,,1,,Santiago,Chile,2021-01-21 20:20:31.431839,2021-01-21 20:20:31.431988,1,1,,Cosmoplas S.A.
71,,+56 224413770,,1,,Padre Hurtado,Chile,2021-01-21 20:20:31.431839,2021-01-21 20:20:31.431988,1,1,,Cotaco Ltda
72,,,,1,,,Chile,2021-01-21 20:20:31.431839,2021-01-21 20:20:31.431988,1,1,,Cristalerias de Chile
73,,4103051147,,1,,Odenton,Chile,2021-01-21 20:20:31.431839,2021-01-21 20:20:31.431988,1,1,,Cristalerías Toro S.A.I.C.
74,,56222239662,,1,,Santiago,Chile,2021-01-21 20:20:31.431839,2021-01-21 20:20:31.431988,1,1,,DB SCHENKER
75,,,,1,,,Chile,2021-01-21 20:20:31.431839,2021-01-21 20:20:31.431988,1,1,,Derechos Reservados Provaltec
76,,+56 2 2774 5500,,1,,,Chile,2021-01-21 20:20:31.431839,2021-01-21 20:20:31.431988,1,1,,Detergentes RO
77,,,,1,,,Chile,2021-01-21 20:20:31.431839,2021-01-21 20:20:31.431988,1,1,,DLC S.A.
78,,55 47 3372 9000,,1,,Jaragua Do Sul,Chile,2021-01-21 20:20:31.431839,2021-01-21 20:20:31.431988,1,1,,DLP
79,,,,1,,Santiago,Chile,2021-01-21 20:20:31.431839,2021-01-21 20:20:31.431988,1,1,,Duas Rodas
80,,,,1,,,Chile,2021-01-21 20:20:31.431839,2021-01-21 20:20:31.431988,1,1,,DVP
81,,,,1,,Casablanca,Chile,2021-01-21 20:20:31.431839,2021-01-21 20:20:31.431988,1,1,,"Echeverria, Izquiedo Montajes Industriales S.A."
82,,+56 2 3268 7893,,1,,Puente Alto,Chile,2021-01-21 20:20:31.431839,2021-01-21 20:20:31.431988,1,1,,Eckart Alimentos
83,,+56 2 2334 6422,,1,,Santiago,Chile,2021-01-21 20:20:31.431839,2021-01-21 20:20:31.431988,1,1,,EcoAqua Chile Ltda.
84,,,,1,,,Chile,2021-01-21 20:20:31.431839,2021-01-21 20:20:31.431988,1,1,,Ecopreneur Chile
85,,+56 223854500,,1,,Santiago,Chile,2021-01-21 20:20:31.431839,2021-01-21 20:20:31.431988,1,1,,Ecosystem
86,,,,1,,Quilicura,Chile,2021-01-21 20:20:31.431839,2021-01-21 20:20:31.431988,1,1,,EDELPA S.A.
87,,+56 9 9079 3532,,1,,Las Condes,Chile,2021-01-21 20:20:31.431839,2021-01-21 20:20:31.431988,1,1,,Egle Cooper
88,,+56 223380501,,1,,Renca,Chile,2021-01-21 20:20:31.431839,2021-01-21 20:20:31.431988,1,1,,Electrogas S.A.
89,,,,1,,,Chile,2021-01-21 20:20:31.431839,2021-01-21 20:20:31.431988,1,1,,Embotelladora Andina
90,,+56 224273000,,1,,Las Condes,Chile,2021-01-21 20:20:31.431839,2021-01-21 20:20:31.431988,1,1,,Embotelladora Metropolitana S.A.
91,,937-498-3011,,1,,St. Louis,Chile,2021-01-21 20:20:31.431839,2021-01-21 20:20:31.431988,1,1,,Embotelladoras Chilenas Unidas (ECUSA)
92,,,,1,,Viña Del Mar,Chile,2021-01-21 20:20:31.431839,2021-01-21 20:20:31.431988,1,1,,Emerson Electric
93,,,,1,,Las Condes,Chile,2021-01-21 20:20:31.431839,2021-01-21 20:20:31.431988,1,1,,Empresas Demaria S.A.
94,,,,1,,,Chile,2021-01-21 20:20:31.431839,2021-01-21 20:20:31.431988,1,1,,Empresas Lipigas S.A.
95,,,,1,,Andover,Chile,2021-01-21 20:20:31.431839,2021-01-21 20:20:31.431988,1,1,,ENAP Refinerias
96,,+56 223380501,,1,,Renca,Chile,2021-01-21 20:20:31.431839,2021-01-21 20:20:31.431988,1,1,,Enel
97,,,,1,,,Chile,2021-01-21 20:20:31.431839,2021-01-21 20:20:31.431988,1,1,,Envases Central
98,,,,1,,,Chile,2021-01-21 20:20:31.431839,2021-01-21 20:20:31.431988,1,1,,Envases Visopack
99,,56 22 328 3776,,1,,Las Condes,Chile,2021-01-21 20:20:31.431839,2021-01-21 20:20:31.431988,1,1,,Errazuriz & Asociados
100,,+46 87885100,,1,,Stockholm,Chile,2021-01-21 20:20:31.431839,2021-01-21 20:20:31.431988,1,1,,Esmax
101,,+56 322209000,,1,,Valparaiso,Chile,2021-01-21 20:20:31.431839,2021-01-21 20:20:31.431988,1,1,,Essity
102,,+56 2 3213 6300,,1,,,Chile,2021-01-21 20:20:31.431839,2021-01-21 20:20:31.431988,1,1,,ESVAL
103,,56 22 680 3000,,1,,Macul,Chile,2021-01-21 20:20:31.431839,2021-01-21 20:20:31.431988,1,1,,Eswi
104,,,,1,,san bernardo,Chile,2021-01-21 20:20:31.431839,2021-01-21 20:20:31.431988,1,1,,Eurovia (Bitumix)
105,,+56 2 2676 3300,,1,,Santiago,Chile,2021-01-21 20:20:31.431839,2021-01-21 20:20:31.431988,1,1,,Excell Chile (Brillex)
106,,,,1,,Doral,Chile,2021-01-21 20:20:31.431839,2021-01-21 20:20:31.431988,1,1,,Fiordo Austral
107,,+1 469-398-7000,,1,,Irving,Chile,2021-01-21 20:20:31.431839,2021-01-21 20:20:31.431988,1,1,,Fluid Handling Support Corp
108,,,,1,,Santiago,Chile,2021-01-21 20:20:31.431839,2021-01-21 20:20:31.431988,1,1,,Fluor Corporation
109,,,,1,,,Chile,2021-01-21 20:20:31.431839,2021-01-21 20:20:31.431988,1,1,,Gasmar
110,,,,1,,Sao Paulo,Chile,2021-01-21 20:20:31.431839,2021-01-21 20:20:31.431988,1,1,,GEMAT
111,,56 22 499 0900,,1,,Las Condes,Chile,2021-01-21 20:20:31.431839,2021-01-21 20:20:31.431988,1,1,,Gerdau (AZA)
112,,+1 316-684-1540,,1,,Wichita,Chile,2021-01-21 20:20:31.431839,2021-01-21 20:20:31.431988,1,1,,GNL Quintero
113,,+52 5 552686600,,1,,Mexico City,Chile,2021-01-21 20:20:31.431839,2021-01-21 20:20:31.431988,1,1,,Great Plains Ventures
114,,,,1,,Houston,Chile,2021-01-21 20:20:31.431839,2021-01-21 20:20:31.431988,1,1,,Grupo Bimbo
115,,,,1,,Madrid,Chile,2021-01-21 20:20:31.431839,2021-01-21 20:20:31.431988,1,1,,Grupo COBRA
117,,,,1,,Santiago,Chile,2021-01-21 20:20:31.431839,2021-01-21 20:20:31.431988,1,1,,Guallarauco
118,,,,1,,Palo Alto,Chile,2021-01-21 20:20:31.431839,2021-01-21 20:20:31.431988,1,1,,Harting
119,,,,1,,Santiago,Chile,2021-01-21 20:20:31.431839,2021-01-21 20:20:31.431988,1,1,,Henkel Chile
120,,+56 2 2570 5700,,1,,Santiago,Chile,2021-01-21 20:20:31.431839,2021-01-21 20:20:31.431988,1,1,,Hidrogestion
121,,,,1,,Quilicura,Chile,2021-01-21 20:20:31.431839,2021-01-21 20:20:31.431988,1,1,,Hidronor
122,,,,1,,,Chile,2021-01-21 20:20:31.431839,2021-01-21 20:20:31.431988,1,1,,Hidrosan Ingeniería S.A.
123,,+886 2 2344 5488,,1,,Taipei,Chile,2021-01-21 20:20:31.431839,2021-01-21 20:20:31.431988,1,1,,hifima.cl
124,,+1 888-482-7768,,1,,Cambridge,Chile,2021-01-21 20:20:31.431839,2021-01-21 20:20:31.431988,1,1,,HiNet Technology
125,,,,1,,,Chile,2021-01-21 20:20:31.431839,2021-01-21 20:20:31.431988,1,1,,"HubSpot, Inc."
126,,56 2 2487 1800,,1,,Quilicura,Chile,2021-01-21 20:20:31.431839,2021-01-21 20:20:31.431988,1,1,,Hydroionic
127,,,,1,,,Chile,2021-01-21 20:20:31.431839,2021-01-21 20:20:31.431988,1,1,,ICB S.A
128,,,,1,,Kadima Zoran,Chile,2021-01-21 20:20:31.431839,2021-01-21 20:20:31.431988,1,1,,ICM
129,,,,1,,,Chile,2021-01-21 20:20:31.431839,2021-01-21 20:20:31.431988,1,1,,IDE Technologies
130,,,,1,,Los Cerrillos,Chile,2021-01-21 20:20:31.431839,2021-01-21 20:20:31.431988,1,1,,impofusion.cl
131,,+56 32 287 5747,,1,,Viña Del Mar,Chile,2021-01-21 20:20:31.431839,2021-01-21 20:20:31.431988,1,1,,Indura
132,,,,1,,,Chile,2021-01-21 20:20:31.431839,2021-01-21 20:20:31.431988,1,1,,Industrias Neuchatel
133,,4149344100,,1,,Milwaukee,Chile,2021-01-21 20:20:31.431839,2021-01-21 20:20:31.431988,1,1,,Ingeniería de Fluidos Chile
134,,,,1,,,Chile,2021-01-21 20:20:31.431839,2021-01-21 20:20:31.431988,1,1,,Ingeteam
135,,+ 56 2 2237 3696,,1,,Macul,Chile,2021-01-21 20:20:31.431839,2021-01-21 20:20:31.431988,1,1,,Inima Chile
136,,,,1,,,Chile,2021-01-21 20:20:31.431839,2021-01-21 20:20:31.431988,1,1,,Inquinat Ltda.
137,,,,1,,Santiago,Chile,2021-01-21 20:20:31.431839,2021-01-21 20:20:31.431988,1,1,,Instalaciones Industriales Gaston
138,,,,1,,Colina,Chile,2021-01-21 20:20:31.431839,2021-01-21 20:20:31.431988,1,1,,Intecbol Ltda
139,,,,1,,,Chile,2021-01-21 20:20:31.431839,2021-01-21 20:20:31.431988,1,1,,Intercos
140,,,,1,,Lampa,Chile,2021-01-21 20:20:31.431839,2021-01-21 20:20:31.431988,1,1,,isotecnica.cl
141,,,,1,,lampa,Chile,2021-01-21 20:20:31.431839,2021-01-21 20:20:31.431988,1,1,,ITF-Labomed
142,,,,1,,,Chile,2021-01-21 20:20:31.431839,2021-01-21 20:20:31.431988,1,1,,Jeld-Wen Chile
143,,+56 2 2713 0400,,1,,Santiago,Chile,2021-01-21 20:20:31.431839,2021-01-21 20:20:31.431988,1,1,,Juan Bas Alimentos
144,,56229253000,,1,,,Chile,2021-01-21 20:20:31.431839,2021-01-21 20:20:31.431988,1,1,,Krah
145,,223901300,,1,,Santiago,Chile,2021-01-21 20:20:31.431839,2021-01-21 20:20:31.431988,1,1,,Laboratorio Ballerina
146,,223655000,,1,,Santiago,Chile,2021-01-21 20:20:31.431839,2021-01-21 20:20:31.431988,1,1,,Laboratorio Biosano
147,,800 200 242,,1,,,Chile,2021-01-21 20:20:31.431839,2021-01-21 20:20:31.431988,1,1,,Laboratorio Chile
148,,+56 2 2587 9000,,1,,Santiago,Chile,2021-01-21 20:20:31.431839,2021-01-21 20:20:31.431988,1,1,,Laboratorio Davis
149,,,,1,,Santiago,Chile,2021-01-21 20:20:31.431839,2021-01-21 20:20:31.431988,1,1,,Laboratorio Dukay S.A.
150,,228707500,,1,,cerrillos,Chile,2021-01-21 20:20:31.431839,2021-01-21 20:20:31.431988,1,1,,Laboratorio Durandin
151,,,,1,,,Chile,2021-01-21 20:20:31.431839,2021-01-21 20:20:31.431988,1,1,,Laboratorios Prater
152,,,,1,,,Chile,2021-01-21 20:20:31.431839,2021-01-21 20:20:31.431988,1,1,,Laboratorios SAVAL S.A.
153,,,,1,,,Chile,2021-01-21 20:20:31.431839,2021-01-21 20:20:31.431988,1,1,,Lesaffre Chile
154,,,,1,,,Chile,2021-01-21 20:20:31.431839,2021-01-21 20:20:31.431988,1,1,,Logipak
155,,32 4 361 76 17,,1,,Vaux-Sous-Chèvremont,Chile,2021-01-21 20:20:31.431839,2021-01-21 20:20:31.431988,1,1,,Maestranza Leone
156,,,,1,,,Chile,2021-01-21 20:20:31.431839,2021-01-21 20:20:31.431988,1,1,,Magotteaux
157,,,,1,,Pudahuel,Chile,2021-01-21 20:20:31.431839,2021-01-21 20:20:31.431988,1,1,,Magre Montajes y Proyectos
158,,,,1,,Conchalí,Chile,2021-01-21 20:20:31.431839,2021-01-21 20:20:31.431988,1,1,,MAQSA
159,,,,1,,,Chile,2021-01-21 20:20:31.431839,2021-01-21 20:20:31.431988,1,1,,Marzullo (Top Color)
160,,+56 222800480,,1,,Las Condes,Chile,2021-01-21 20:20:31.431839,2021-01-21 20:20:31.431988,1,1,,megacenter.cl
161,,,,1,,,Chile,2021-01-21 20:20:31.431839,2021-01-21 20:20:31.431988,1,1,,Melon S.A.
162,,+56 32 292 2870,,1,,Quilpue,Chile,2021-01-21 20:20:31.431839,2021-01-21 20:20:31.431988,1,1,,Messer Chile
163,,,,1,,,Chile,2021-01-21 20:20:31.431839,2021-01-21 20:20:31.431988,1,1,,MG Proveedores Industriales Ltda.
164,,,,1,,Providencia,Chile,2021-01-21 20:20:31.431839,2021-01-21 20:20:31.431988,1,1,,micro.cl
165,,,,1,,,Chile,2021-01-21 20:20:31.431839,2021-01-21 20:20:31.431988,1,1,,Minera Las Cenizas S.A.
166,,,,1,,Shenyang,Chile,2021-01-21 20:20:31.431839,2021-01-21 20:20:31.431988,1,1,,Molino Balmaceda
167,,56 32 213 3200,,1,,Concón,Chile,2021-01-21 20:20:31.431839,2021-01-21 20:20:31.431988,1,1,,Multiaceros Chile
168,,,,1,,,Chile,2021-01-21 20:20:31.431839,2021-01-21 20:20:31.431988,1,1,,Nexxo S.A.
169,,,,1,,Las Condes,Chile,2021-01-21 20:20:31.431839,2021-01-21 20:20:31.431988,1,1,,Novoplast
170,,,,1,,Espoo,Chile,2021-01-21 20:20:31.431839,2021-01-21 20:20:31.431988,1,1,,Orizon
171,,+56 224788000,,1,,Providencia,Chile,2021-01-21 20:20:31.431839,2021-01-21 20:20:31.431988,1,1,,Outotec
172,,,,1,,,Chile,2021-01-21 20:20:31.431839,2021-01-21 20:20:31.431988,1,1,,Oxiquim S A
173,,+56 2 2738 7998,,1,,,Chile,2021-01-21 20:20:31.431839,2021-01-21 20:20:31.431988,1,1,,Palmafusión
174,,,,1,,Santiago,Chile,2021-01-21 20:20:31.431839,2021-01-21 20:20:31.431988,1,1,,Pan Pacific
175,,,,1,,Santiago,Chile,2021-01-21 20:20:31.431839,2021-01-21 20:20:31.431988,1,1,,Panimex
176,,224840500,,1,,,Chile,2021-01-21 20:20:31.431839,2021-01-21 20:20:31.431988,1,1,,Pares & Alvarez
177,,,,1,,,Chile,2021-01-21 20:20:31.431839,2021-01-21 20:20:31.431988,1,1,,Pinturas Tajamar
178,,+56 2 2290 8700,,1,,Pudahuel,Chile,2021-01-21 20:20:31.431839,2021-01-21 20:20:31.431988,1,1,,Pinturas Technoquim
179,,,,1,,Santiago,Chile,2021-01-21 20:20:31.431839,2021-01-21 20:20:31.431988,1,1,,Pinturas Tricolor
180,,,,1,,,Chile,2021-01-21 20:20:31.431839,2021-01-21 20:20:31.431988,1,1,,Pipesa
181,,,,1,,Las Condes,Chile,2021-01-21 20:20:31.431839,2021-01-21 20:20:31.431988,1,1,,Plazit Polygal
182,,224209221,,1,,,Chile,2021-01-21 20:20:31.431839,2021-01-21 20:20:31.431988,1,1,,Polpaico
183,,,,1,,Santiago,Chile,2021-01-21 20:20:31.431839,2021-01-21 20:20:31.431988,1,1,,Polychem
184,,+56 2 2233 5749,,1,,,Chile,2021-01-21 20:20:31.431839,2021-01-21 20:20:31.431988,1,1,,Proequipos
185,,,,1,,Mountain View,Chile,2021-01-21 20:20:31.431839,2021-01-21 20:20:31.431988,1,1,,profrio.cl
186,,,,1,,,Chile,2021-01-21 20:20:31.431839,2021-01-21 20:20:31.431988,1,1,,ProMinent
187,,,,1,,,Chile,2021-01-21 20:20:31.431839,2021-01-21 20:20:31.431988,1,1,,Provaltec
188,,,,1,,,Chile,2021-01-21 20:20:31.431839,2021-01-21 20:20:31.431988,1,1,,Quilicura Graphic Systems
189,,+56 2 2783 4400,,1,,,Chile,2021-01-21 20:20:31.431839,2021-01-21 20:20:31.431988,1,1,,Quimica del Sur
190,,+56 2 2747 1330,,1,,,Chile,2021-01-21 20:20:31.431839,2021-01-21 20:20:31.431988,1,1,,Quimica Universal
191,,227733366,,1,,,Chile,2021-01-21 20:20:31.431839,2021-01-21 20:20:31.431988,1,1,,Recycling
192,,,,1,,Santiago,Chile,2021-01-21 20:20:31.431839,2021-01-21 20:20:31.431988,1,1,,Redoxi
193,,+34 915 45 50 00,,1,,Madrid,Chile,2021-01-21 20:20:31.431839,2021-01-21 20:20:31.431988,1,1,,ReliX Water
194,,,,1,,Nanterre,Chile,2021-01-21 20:20:31.431839,2021-01-21 20:20:31.431988,1,1,,Sacyr
195,,+56 224760360,,1,,Santiago,Chile,2021-01-21 20:20:31.431839,2021-01-21 20:20:31.431988,1,1,,Saint-Gobain
196,,,,1,,Pudahuel,Chile,2021-01-21 20:20:31.431839,2021-01-21 20:20:31.431988,1,1,,Salfacorp
197,,,,1,,,Chile,2021-01-21 20:20:31.431839,2021-01-21 20:20:31.431988,1,1,,Salfacorp Comercial
198,,225352355,,1,,,Chile,2021-01-21 20:20:31.431839,2021-01-21 20:20:31.431988,1,1,,Santepharma
199,,,,1,,quilicura,Chile,2021-01-21 20:20:31.431839,2021-01-21 20:20:31.431988,1,1,,Senavin
200,,8138558636,,1,,Tampa,Chile,2021-01-21 20:20:31.431839,2021-01-21 20:20:31.431988,1,1,,Serplas
201,,,,1,,San Bernardo,Chile,2021-01-21 20:20:31.431839,2021-01-21 20:20:31.431988,1,1,,Seven Seas Water
202,,+56 2 2449 0360,,1,,Santiago,Chile,2021-01-21 20:20:31.431839,2021-01-21 20:20:31.431988,1,1,,Sherwin-Williams Chile
203,,,,1,,Charlotte,Chile,2021-01-21 20:20:31.431839,2021-01-21 20:20:31.431988,1,1,,Shimin Ingeniería
204,,,,1,,,Chile,2021-01-21 20:20:31.431839,2021-01-21 20:20:31.431988,1,1,,Sibelco
205,,+56 2 2341 9199,,1,,,Chile,2021-01-21 20:20:31.431839,2021-01-21 20:20:31.431988,1,1,,signature-cloud.com
206,,+56 2 2599 0956,,1,,Santiago,Chile,2021-01-21 20:20:31.431839,2021-01-21 20:20:31.431988,1,1,,Simtech
207,,+353 12027000,,1,,Dublin,Chile,2021-01-21 20:20:31.431839,2021-01-21 20:20:31.431988,1,1,,Sitrol
208,,56 22 330 0200,,1,,Santiago,Chile,2021-01-21 20:20:31.431839,2021-01-21 20:20:31.431988,1,1,,Smurfit Kappa de Chile
209,,,,1,,Santiago,Chile,2021-01-21 20:20:31.431839,2021-01-21 20:20:31.431988,1,1,,Sociedad Nacional de Oleoductos
210,,+56 2 2428 9500,,1,,,Chile,2021-01-21 20:20:31.431839,2021-01-21 20:20:31.431988,1,1,,Sopraval
211,,,,1,,,Chile,2021-01-21 20:20:31.431839,2021-01-21 20:20:31.431988,1,1,,SPES
212,,+33 158812000,,1,,Paris,Chile,2021-01-21 20:20:31.431839,2021-01-21 20:20:31.431988,1,1,,SQ Energias
213,,225102000,,1,,,Chile,2021-01-21 20:20:31.431839,2021-01-21 20:20:31.431988,1,1,,Suez
214,,,,1,,,Chile,2021-01-21 20:20:31.431839,2021-01-21 20:20:31.431988,1,1,,Sun Chemical
215,,,,1,,,Chile,2021-01-21 20:20:31.431839,2021-01-21 20:20:31.431988,1,1,,SUNSA
216,,31 24 372 7700,,1,,Nijmegen,Chile,2021-01-21 20:20:31.431839,2021-01-21 20:20:31.431988,1,1,,superflow-sudamerica.com
217,,+56 2 2739 1553,,1,,Huechuraba,Chile,2021-01-21 20:20:31.431839,2021-01-21 20:20:31.431988,1,1,,Synthon
218,,+56 2 2555 1516,,1,,Santiago,Chile,2021-01-21 20:20:31.431839,2021-01-21 20:20:31.431988,1,1,,Tanax
219,,,,1,,Milano,Chile,2021-01-21 20:20:31.431839,2021-01-21 20:20:31.431988,1,1,,Taylor Automatización S.A.
220,,224402200,,1,,,Chile,2021-01-21 20:20:31.431839,2021-01-21 20:20:31.431988,1,1,,Techint
221,,,,1,,Curacavi,Chile,2021-01-21 20:20:31.431839,2021-01-21 20:20:31.431988,1,1,,Techman
222,,228894811,,1,,,Chile,2021-01-21 20:20:31.431839,2021-01-21 20:20:31.431988,1,1,,Terrasanta
223,,+49 441 483242200,,1,,München,Chile,2021-01-21 20:20:31.431839,2021-01-21 20:20:31.431988,1,1,,THC Chile S.A.
224,,,,1,,,Chile,2021-01-21 20:20:31.431839,2021-01-21 20:20:31.431988,1,1,,The Linde Group
225,,85230771233,,1,,Hong Kong,Chile,2021-01-21 20:20:31.431839,2021-01-21 20:20:31.431988,1,1,,Thermal Engineering
226,,,,1,,São Paulo,Chile,2021-01-21 20:20:31.431839,2021-01-21 20:20:31.431988,1,1,,TickTick
227,,+56 2 2595 5700,,1,,Las Condes,Chile,2021-01-21 20:20:31.431839,2021-01-21 20:20:31.431988,1,1,,Tigre-ADS
228,,,,1,,Paris La Défense,Chile,2021-01-21 20:20:31.431839,2021-01-21 20:20:31.431988,1,1,,Todos los derechos resevados a Cementos Bicentenario SA
229,,,,1,,,Chile,2021-01-21 20:20:31.431839,2021-01-21 20:20:31.431988,1,1,,Total
230,,+56 2 2676 3300,,1,,Maipu,Chile,2021-01-21 20:20:31.431839,2021-01-21 20:20:31.431988,1,1,,Tresmontes Lucchetti
231,,,,1,,Santiago,Chile,2021-01-21 20:20:31.431839,2021-01-21 20:20:31.431988,1,1,,Trio SA
232,,,,1,,London,Chile,2021-01-21 20:20:31.431839,2021-01-21 20:20:31.431988,1,1,,Undurraga TI
233,,,,1,,Paris,Chile,2021-01-21 20:20:31.431839,2021-01-21 20:20:31.431988,1,1,,Unilever
234,,,,1,,Fairfield,Chile,2021-01-21 20:20:31.431839,2021-01-21 20:20:31.431988,1,1,,Veolia
235,,+56 9 6523 2200,,1,,,Chile,2021-01-21 20:20:31.431839,2021-01-21 20:20:31.431988,1,1,,Verallia
236,,,,1,,,Chile,2021-01-21 20:20:31.431839,2021-01-21 20:20:31.431988,1,1,,Vignola S.a.
237,,+1 562-351-4100,,1,,Santiago,Chile,2021-01-21 20:20:31.431839,2021-01-21 20:20:31.431988,1,1,,Viña Agustinos
238,,+56 223539130,,1,,Las,Chile,2021-01-21 20:20:31.431839,2021-01-21 20:20:31.431988,1,1,,Viña Cousiño Macul
239,,+56 224775300,,1,,Puente Alto,Chile,2021-01-21 20:20:31.431839,2021-01-21 20:20:31.431988,1,1,,Viña Emiliana
240,,+56 224413790,,1,,Las Condes,Chile,2021-01-21 20:20:31.431839,2021-01-21 20:20:31.431988,1,1,,Vina San Pedro Tarapaca - Molina
241,,+56224298932/33,,1,,Isla de Maipo,Chile,2021-01-21 20:20:31.431839,2021-01-21 20:20:31.431988,1,1,,Viña Santa Rita
242,,56 32 232 9924,,1,,Casablanca,Chile,2021-01-21 20:20:31.431839,2021-01-21 20:20:31.431988,1,1,,Viña Tarapacá - Isla de Maipo
243,,225573894,,1,,,Chile,2021-01-21 20:20:31.431839,2021-01-21 20:20:31.431988,1,1,,Viñedos Veramonte
244,,+56 223380501,,1,,Renca,Chile,2021-01-21 20:20:31.431839,2021-01-21 20:20:31.431988,1,1,,Virutex Ilko S.A.
245,,228716463,,1,,,Chile,2021-01-21 20:20:31.431839,2021-01-21 20:20:31.431988,1,1,,Vital Jugos
246,,,,1,,Tokyo,Chile,2021-01-21 20:20:31.431839,2021-01-21 20:20:31.431988,1,1,,Walford Detergentes Industriales S.A.
247,,,,1,,Santiago,Chile,2021-01-21 20:20:31.431839,2021-01-21 20:20:31.431988,1,1,,Watson-Marlow Fluid Technology Group
248,,49 231 4102 0,,1,,Dortmund,Chile,2021-01-21 20:20:31.431839,2021-01-21 20:20:31.431988,1,1,,WES Chile
249,,+1 914-304-1700,,1,,Rye Brook,Chile,2021-01-21 20:20:31.431839,2021-01-21 20:20:31.431988,1,1,,WILO SE
250,,,,1,,La Pintana,Chile,2021-01-21 20:20:31.431839,2021-01-21 20:20:31.431988,1,1,,Xylem
251,,,,1,,,Chile,2021-01-21 20:20:31.431839,2021-01-21 20:20:31.431988,1,1,,ZIGMA
252,,,,1,,,Chile,2021-01-21 20:20:31.431839,2021-01-21 20:20:31.431988,1,1,,Zubra
